step,loss_mean,loss_std,log10_loss_mean,log10_loss_std,mse_mean,mse_std,cosine_similarity_mean,cosine_similarity_std,loss_replica_1,loss_replica_2,loss_replica_3,mse_replica_1,mse_replica_2,mse_replica_3,cosine_similarity_replica_1,cosine_similarity_replica_2,cosine_similarity_replica_3
0,1.0027921333e+07,6.1824123303e+00,7.0012109184e+00,2.6775110517e-07,1.0027921200e+00,6.8133784133e-07,-3.2239236680e-04,7.2508971102e-04,1.0027930000e+07,1.0027918000e+07,1.0027916000e+07,1.0027930737e+00,1.0027917624e+00,1.0027915239e+00,3.9439278771e-04,-1.3158415677e-03,-4.5728320401e-05
5,3.3471949383e+09,4.7103193061e+09,8.1450467756e+00,1.3119139016e+00,3.3471947833e+02,4.7103190869e+02,1.4616142881e-02,9.9585739616e-03,1.6467475000e+07,1.6524956000e+07,1.0008592384e+10,1.6467474699e+00,1.6524956226e+00,1.0008591919e+03,2.2808080539e-02,2.0441308618e-02,5.9903948568e-04
10,6.6401685420e+09,4.6858963394e+09,9.0435110607e+00,1.3498046286e+00,6.6401684181e+02,4.6858962486e+02,1.2012064922e-02,1.6318633499e-02,1.3633306000e+07,9.8967808000e+09,1.0010091520e+10,1.3633306026e+00,9.8967810059e+02,1.0010090942e+03,3.5082876682e-02,9.7659148742e-04,-2.3273403713e-05
15,6.6793264327e+09,4.7148114707e+09,9.0215741627e+00,1.3845133552e+00,6.6793265601e+02,4.7148115609e+02,1.3751797281e-02,2.1707779736e-02,1.1576482000e+07,1.0011264000e+10,1.0015138816e+10,1.1576482058e+00,1.0011264038e+03,1.0015139160e+03,4.4429630041e-02,-5.8988068486e-04,-2.5843575131e-03
20,9.7007639893e+09,4.3854101806e+08,9.9863519956e+00,1.9967791476e-02,9.7007639567e+02,4.3854071980e+01,-2.4772833664e-04,4.1112313934e-04,9.0805739520e+09,1.0011617280e+10,1.0010100736e+10,9.0805743408e+02,1.0011616821e+03,1.0010100708e+03,1.8279816140e-04,-8.0139748752e-04,-1.2458568381e-04
25,1.0010812757e+10,1.1313074061e+06,1.0000469336e+01,4.9079224258e-05,1.0010812581e+03,1.1314263395e-01,-4.3231391949e-04,5.5281529441e-04,1.0010876928e+10,1.0012165120e+10,1.0009396224e+10,1.0010877075e+03,1.0012164917e+03,1.0009395752e+03,-4.2150731315e-04,-1.1147102341e-03,2.3927578877e-04
30,1.0008593749e+10,4.3975132336e+06,1.0000373020e+01,1.9084418273e-04,1.0008593547e+03,4.3976407200e-01,6.7586059837e-05,1.4447103398e-03,1.0010846208e+10,1.0012487680e+10,1.0002447360e+10,1.0010846558e+03,1.0012487183e+03,1.0002446899e+03,-5.2354257787e-04,-1.3305754401e-03,2.0568761975e-03
35,1.0013166933e+10,1.2677131948e+06,1.0000571453e+01,5.4985968466e-05,1.0013166911e+03,1.2679743227e-01,-1.6361801148e-03,6.6361337790e-04,1.0014255104e+10,1.0013856768e+10,1.0011388928e+10,1.0014255371e+03,1.0013856812e+03,1.0011388550e+03,-2.2824148182e-03,-1.9024349749e-03,-7.2369055124e-04
40,1.0008156501e+10,7.6905801138e+05,1.0000354087e+01,3.3373112858e-05,1.0008156535e+03,7.6907789901e-02,7.0214735266e-04,4.8094216479e-04,1.0008952832e+10,1.0008399872e+10,1.0007116800e+10,1.0008952637e+03,1.0008400269e+03,1.0007116699e+03,5.4868607549e-04,2.0503543783e-04,1.3527205447e-03
45,1.0009252181e+10,1.8191932482e+06,1.0000401624e+01,7.8937958359e-05,1.0009252523e+03,1.8190754201e-01,3.4784545763e-04,9.1899322963e-04,1.0010143744e+10,1.0010896384e+10,1.0006716416e+10,1.0010144043e+03,1.0010896606e+03,1.0006716919e+03,-5.9163932747e-05,-5.1756534958e-04,1.6202656552e-03
50,1.0005833387e+10,4.9639636430e+06,1.0000253213e+01,2.1547434064e-04,1.0005833333e+03,4.9638790845e-01,5.2129733376e-04,8.9872683879e-04,9.9992637440e+09,1.0011260928e+10,1.0006975488e+10,9.9992639160e+02,1.0011260986e+03,1.0006975098e+03,6.5184908453e-04,-6.3886761200e-04,1.5509105287e-03
55,1.0008440491e+10,3.3618209902e+06,1.0000366387e+01,1.4589592478e-04,1.0008440959e+03,3.3616824813e-01,2.6028456826e-04,1.0688482193e-03,1.0003695616e+10,1.0010553344e+10,1.0011072512e+10,1.0003696289e+03,1.0010553589e+03,1.0011072998e+03,1.7507082084e-03,-2.6667784550e-04,-7.0317665813e-04
60,1.0010743125e+10,7.4266493725e+05,1.0000466316e+01,3.2218157881e-05,1.0010743408e+03,7.4282685565e-02,-4.1146223278e-04,2.9578742322e-04,1.0010362880e+10,1.0011781120e+10,1.0010085376e+10,1.0010363159e+03,1.0011781616e+03,1.0010085449e+03,-1.6384426272e-04,-8.2724605454e-04,-2.4329638109e-04
65,1.0011870208e+10,1.3893263794e+06,1.0000515207e+01,6.0268882105e-05,1.0011870321e+03,1.3891666221e-01,-9.4066782670e-04,6.8212737581e-04,1.0012626944e+10,1.0013062144e+10,1.0009921536e+10,1.0012626953e+03,1.0013062134e+03,1.0009921875e+03,-1.3244176516e-03,-1.5152775450e-03,1.7691716494e-05
70,1.0009495893e+10,6.4342917752e+05,1.0000412205e+01,2.7916766237e-05,1.0009495850e+03,6.4350528170e-02,1.8911432320e-04,2.9913850494e-04,1.0008878080e+10,1.0009226240e+10,1.0010383360e+10,1.0008877563e+03,1.0009226685e+03,1.0010383301e+03,5.5437959963e-04,1.9131059526e-04,-1.7834722530e-04
75,1.0008061611e+10,3.9475525689e+06,1.0000349936e+01,1.7132415063e-04,1.0008061727e+03,3.9476321213e-01,2.4453931837e-04,9.1467968703e-04,1.0002523136e+10,1.0011438080e+10,1.0010223616e+10,1.0002523193e+03,1.0011438599e+03,1.0010223389e+03,1.4954198850e-03,-6.6626345506e-04,-9.5538474852e-05
80,1.0009158997e+10,3.4405214794e+05,1.0000397588e+01,1.4928480510e-05,1.0009158936e+03,3.4419932043e-02,3.9206940952e-04,1.9851178078e-04,1.0009327616e+10,1.0009469952e+10,1.0008679424e+10,1.0009327393e+03,1.0009470215e+03,1.0008679199e+03,2.8804223984e-04,2.1826414741e-04,6.6990184132e-04
85,1.0011894101e+10,1.5444066388e+06,1.0000516242e+01,6.6989924782e-05,1.0011893921e+03,1.5446856158e-01,-9.4323470936e-04,8.0171588986e-04,1.0010477568e+10,1.0011162624e+10,1.0014042112e+10,1.0010477295e+03,1.0011162109e+03,1.0014042358e+03,-2.2297898249e-04,-5.4504448781e-04,-2.0616806578e-03
90,1.0009669632e+10,1.0589754309e+06,1.0000419741e+01,4.5946955104e-05,1.0009669393e+03,1.0585333716e-01,1.1130992182e-04,5.3397808399e-04,1.0009867264e+10,1.0008285184e+10,1.0010856448e+10,1.0009866943e+03,1.0008285522e+03,1.0010855713e+03,-1.8359791284e-05,8.2041817950e-04,-4.6812862274e-04
95,1.0008544597e+10,1.8267045148e+06,1.0000370921e+01,7.9262606833e-05,1.0008544312e+03,1.8267226451e-01,2.9496133599e-04,5.8220241475e-04,1.0008119296e+10,1.0010963968e+10,1.0006550528e+10,1.0008118896e+03,1.0010963745e+03,1.0006550293e+03,9.7062351415e-04,-4.5036201482e-04,3.6462250864e-04
100,1.0010371413e+10,2.5886809564e+06,1.0000450177e+01,1.1231801571e-04,1.0010371094e+03,2.5886835767e-01,-1.6116773865e-04,1.2918024712e-03,1.0006740992e+10,1.0012595200e+10,1.0011778048e+10,1.0006740723e+03,1.0012595215e+03,1.0011777344e+03,1.6533299349e-03,-1.2523434125e-03,-8.8448973838e-04
105,1.0012167851e+10,2.1365213530e+06,1.0000528112e+01,9.2682171375e-05,1.0012167765e+03,2.1366370017e-01,-1.0942730393e-03,1.0754419480e-03,1.0013686784e+10,1.0009146368e+10,1.0013670400e+10,1.0013686523e+03,1.0009146118e+03,1.0013670654e+03,-1.8641606439e-03,4.2659236351e-04,-1.8452508375e-03
110,9.7853457067e+09,1.5824850036e+08,9.9905197564e+00,6.9886133399e-03,9.7853454590e+02,1.5824816391e+01,3.4621658172e-04,1.1815447713e-03,1.0006350848e+10,9.6443238400e+09,9.7053624320e+09,1.0006350098e+03,9.6443237305e+02,9.7053625488e+02,1.8762061372e-03,1.6296147078e-04,-1.0005178628e-03
115,1.0005562709e+10,1.2576499737e+06,1.0000241515e+01,5.4589757192e-05,1.0005562948e+03,1.2574334781e-01,1.0558977325e-03,7.8694536093e-04,1.0005834752e+10,1.0003904512e+10,1.0006948864e+10,1.0005834961e+03,1.0003905029e+03,1.0006948853e+03,2.1200652700e-03,8.0592226004e-04,2.4170566758e-04
120,1.0007246165e+10,4.0990164750e+06,1.0000314547e+01,1.7790803629e-04,1.0007246094e+03,4.0992056418e-01,-1.2434127469e-04,5.2212057032e-04,1.0008817664e+10,1.0001628160e+10,1.0011292672e+10,1.0008817749e+03,1.0001627808e+03,1.0011292725e+03,6.0393218882e-04,-3.8298792788e-04,-5.9396808501e-04
125,1.0009795243e+10,1.5165995050e+06,1.0000425189e+01,6.5804033396e-05,1.0009795125e+03,1.5163834052e-01,1.4468581260e-04,7.7285137228e-04,1.0007658496e+10,1.0011024384e+10,1.0010702848e+10,1.0007658691e+03,1.0011024170e+03,1.0010702515e+03,1.2336371001e-03,-4.8095438979e-04,-3.1862527248e-04
130,1.0007207595e+10,1.1801436983e+06,1.0000312906e+01,5.1216245697e-05,1.0007207845e+03,1.1800111968e-01,4.3683619394e-04,6.7695636069e-04,1.0007251968e+10,1.0005740544e+10,1.0008630272e+10,1.0007252197e+03,1.0005740967e+03,1.0008630371e+03,1.3082057703e-03,-3.4227423021e-04,3.4457704169e-04
135,1.0009986731e+10,5.4825635352e+05,1.0000433501e+01,2.3786752860e-05,1.0009986979e+03,5.4863427277e-02,-7.0578510834e-05,2.1345548836e-04,1.0010007552e+10,1.0010647552e+10,1.0009305088e+10,1.0010007935e+03,1.0010648193e+03,1.0009304810e+03,-1.7315984587e-04,-2.6515909121e-04,2.2658340458e-04
140,1.0003883691e+10,8.4409266118e+06,1.0000168479e+01,3.6655100393e-04,1.0003883667e+03,8.4409677920e-01,4.0618478185e-04,5.3080468277e-04,1.0010292224e+10,1.0009401344e+10,9.9919575040e+09,1.0010291748e+03,1.0009401855e+03,9.9919573975e+02,-1.6423895431e-04,2.6879401412e-04,1.1139992857e-03
145,1.0009881259e+10,6.4364045646e+05,1.0000428925e+01,2.7925957550e-05,1.0009880981e+03,6.4385716031e-02,4.5524648158e-05,3.6163064778e-04,1.0008976384e+10,1.0010248192e+10,1.0010419200e+10,1.0008975830e+03,1.0010247803e+03,1.0010419312e+03,5.5661849910e-04,-2.2590921435e-04,-1.9413534028e-04
150,1.0011283115e+10,2.2489853700e+06,1.0000489732e+01,9.7569856875e-05,1.0011282959e+03,2.2492269694e-01,-6.4115598798e-04,1.1565288843e-03,1.0012913664e+10,1.0008102912e+10,1.0012832768e+10,1.0012913818e+03,1.0008102417e+03,1.0012832642e+03,-1.4614048414e-03,9.9442037754e-04,-1.4564835001e-03
155,1.0006156629e+10,6.8434745790e+06,1.0000267195e+01,2.9709632728e-04,1.0006156413e+03,6.8435545552e-01,-4.8564819250e-04,1.8286450304e-04,1.0010516480e+10,1.0011459584e+10,9.9964938240e+09,1.0010515747e+03,1.0011459961e+03,9.9964935303e+02,-2.4348277657e-04,-6.8531889701e-04,-5.2814290393e-04
160,1.0009872725e+10,1.7472425578e+06,1.0000428549e+01,7.5811124191e-05,1.0009872843e+03,1.7474682760e-01,-2.7429582163e-04,6.9037533172e-04,1.0011422720e+10,1.0010764288e+10,1.0007431168e+10,1.0011423340e+03,1.0010764160e+03,1.0007431030e+03,-8.1135577057e-04,-7.1188347647e-04,7.0035178214e-04
165,1.0009919488e+10,1.2575762302e+06,1.0000430581e+01,5.4563765580e-05,1.0009919434e+03,1.2574834136e-01,-5.3317305477e-05,6.9479007687e-04,1.0008172544e+10,1.0010504192e+10,1.0011081728e+10,1.0008172607e+03,1.0010504150e+03,1.0011081543e+03,9.2920736643e-04,-5.5373541545e-04,-5.3542386740e-04
170,1.0010301440e+10,1.1269196377e+06,1.0000447153e+01,4.8889313992e-05,1.0010301107e+03,1.1267348103e-01,-1.3052541666e-04,5.6701777109e-04,1.0011883520e+10,1.0009344000e+10,1.0009676800e+10,1.0011882935e+03,1.0009343872e+03,1.0009676514e+03,-9.2843244784e-04,3.3750780858e-04,1.9934838929e-04
175,1.0010712405e+10,3.0973107653e+06,1.0000464964e+01,1.3436827775e-04,1.0010712484e+03,3.0969541143e-01,-3.6638680225e-04,1.5446409543e-03,1.0014614528e+10,1.0007037952e+10,1.0010484736e+10,1.0014614258e+03,1.0007038574e+03,1.0010484619e+03,-2.2979413625e-03,1.4829606516e-03,-2.8417969588e-04
180,1.0009586347e+10,1.8580295569e+06,1.0000416123e+01,8.0611789038e-05,1.0009586182e+03,1.8577853013e-01,1.1169950206e-04,9.1238273239e-04,1.0007797760e+10,1.0008813568e+10,1.0012147712e+10,1.0007797852e+03,1.0008813477e+03,1.0012147217e+03,1.0864966316e-03,3.5641519935e-04,-1.1078133248e-03
185,9.7921972907e+09,3.0957107054e+08,9.9906597254e+00,1.3890332174e-02,9.7921972656e+02,3.0957113276e+01,-5.1839437219e-04,7.7527684984e-05,9.3543976960e+09,1.0011009024e+10,1.0011185152e+10,9.3543975830e+02,1.0011008911e+03,1.0011185303e+03,-4.3741238187e-04,-4.9487559590e-04,-6.2289513880e-04
190,1.0010359125e+10,1.2381503333e+06,1.0000449655e+01,5.3714232239e-05,1.0010359294e+03,1.2377336109e-01,-2.9719149158e-04,5.4719436873e-04,1.0012106752e+10,1.0009579520e+10,1.0009391104e+10,1.0012106323e+03,1.0009580078e+03,1.0009391479e+03,-1.0681294370e-03,1.4635956904e-04,3.0195393265e-05
195,1.0009558016e+10,2.5113166632e+06,1.0000414887e+01,1.0895699896e-04,1.0009558105e+03,2.5112723987e-01,-3.7282472476e-05,1.0086507121e-03,1.0009060352e+10,1.0006761472e+10,1.0012852224e+10,1.0009060669e+03,1.0006761475e+03,1.0012852173e+03,4.4571078615e-04,8.8359025540e-04,-1.4411484590e-03
200,1.0011709781e+10,3.4211410734e+06,1.0000508226e+01,1.4841666715e-04,1.0011710205e+03,3.4210141738e-01,-8.2326750271e-04,1.7143343077e-03,1.0015175680e+10,1.0012900352e+10,1.0007053312e+10,1.0015175781e+03,1.0012901001e+03,1.0007053833e+03,-2.5867244694e-03,-1.3823991176e-03,1.4993210789e-03
205,9.9795688107e+09,4.5345101388e+07,9.9991072842e+00,1.9765132770e-03,9.9795686849e+02,4.5345142058e+00,-6.6771918985e-05,1.3704701100e-03,9.9154903040e+09,1.0013782016e+10,1.0009434112e+10,9.9154901123e+02,1.0013781738e+03,1.0009434204e+03,1.3655889779e-03,-1.9136774354e-03,3.4777270048e-04
210,1.0006159019e+10,7.2591417218e+06,1.0000267286e+01,3.1513450194e-04,1.0006158854e+03,7.2590584004e-01,3.7866176960e-04,1.5598833742e-03,9.9960791040e+09,1.0009513984e+10,1.0012883968e+10,9.9960791016e+02,1.0009513550e+03,1.0012883911e+03,2.3309185635e-03,2.9212556547e-04,-1.4870588202e-03
215,1.0009421141e+10,2.5617155581e+06,1.0000408948e+01,1.1115263741e-04,1.0009421183e+03,2.5620080203e-01,2.9345873554e-04,1.2759947582e-03,1.0009843712e+10,1.0012325888e+10,1.0006093824e+10,1.0009843140e+03,1.0012326660e+03,1.0006093750e+03,5.9909423726e-05,-1.1393907480e-03,1.9598575309e-03
220,1.0011870891e+10,9.3066910368e+05,1.0000515239e+01,4.0371751317e-05,1.0011870931e+03,9.3062000008e-02,-1.0854786378e-03,6.2094215979e-04,1.0012669952e+10,1.0012377088e+10,1.0010565632e+10,1.0012670288e+03,1.0012376709e+03,1.0010565796e+03,-1.8042088486e-03,-1.1630619410e-03,-2.8916512383e-04
225,1.0009724245e+10,2.5630475670e+06,1.0000422099e+01,1.1119593582e-04,1.0009724325e+03,2.5630093749e-01,1.2078328291e-04,1.3104593641e-03,1.0007231488e+10,1.0008691712e+10,1.0013249536e+10,1.0007231445e+03,1.0008692017e+03,1.0013249512e+03,1.4036623761e-03,6.3762761420e-04,-1.6789401416e-03
230,1.0011291989e+10,1.9964471410e+06,1.0000490120e+01,8.6604169673e-05,1.0011291911e+03,1.9962686817e-01,-5.9831002727e-04,9.7765332985e-04,1.0013919232e+10,1.0009082880e+10,1.0010873856e+10,1.0013919067e+03,1.0009083252e+03,1.0010873413e+03,-1.8714240286e-03,5.0525297411e-04,-4.2875902727e-04
235,1.0010060800e+10,2.4300333404e+06,1.0000436703e+01,1.0543116083e-04,1.0010060628e+03,2.4300565415e-01,-8.7162964822e-05,1.2683210412e-03,1.0006952960e+10,1.0010344448e+10,1.0012884992e+10,1.0006952515e+03,1.0010344849e+03,1.0012884521e+03,1.5414985828e-03,-2.5068380637e-04,-1.5523036709e-03
240,1.0010614784e+10,2.3920957076e+06,1.0000460737e+01,1.0376853793e-04,1.0010614827e+03,2.3923126558e-01,-4.6338499912e-04,1.2648903866e-03,1.0013995008e+10,1.0008807424e+10,1.0009041920e+10,1.0013995361e+03,1.0008807373e+03,1.0009041748e+03,-2.2451030090e-03,5.6543137180e-04,2.8951663990e-04
245,1.0002745685e+10,1.1712186608e+07,1.0000118929e+01,5.0868303066e-04,1.0002745565e+03,1.1712249800e+00,-7.3936977424e-04,1.3187262140e-03,1.0013888512e+10,9.9865610240e+09,1.0007787520e+10,1.0013887939e+03,9.9865606689e+02,1.0007788086e+03,-1.9832076505e-03,-1.3208662858e-03,1.0859646136e-03
250,1.0010737323e+10,1.0915110987e+06,1.0000466063e+01,4.7354686683e-05,1.0010737305e+03,1.0919027397e-01,-3.5705155460e-04,5.4559376079e-04,1.0011443200e+10,1.0009195520e+10,1.0011573248e+10,1.0011443481e+03,1.0009194946e+03,1.0011573486e+03,-6.9628504571e-04,4.1273125680e-04,-7.8760087490e-04
255,1.0010581333e+10,2.0229033536e+06,1.0000459290e+01,8.7756188194e-05,1.0010581055e+03,2.0228316629e-01,-3.1254007384e-04,9.7881177123e-04,1.0013349888e+10,1.0009821184e+10,1.0008572928e+10,1.0013349609e+03,1.0009820557e+03,1.0008572998e+03,-1.6408287920e-03,1.4194243704e-05,6.8901432678e-04
260,1.0008700245e+10,3.1613149761e+06,1.0000377661e+01,1.3717257839e-04,1.0008700562e+03,3.1613656313e-01,6.1594105015e-05,1.0421680411e-03,1.0012677120e+10,1.0004942848e+10,1.0008480768e+10,1.0012677612e+03,1.0004943237e+03,1.0008480835e+03,-1.4121667482e-03,8.1236875849e-04,7.8458030475e-04
265,1.0013193216e+10,8.8572310366e+05,1.0000572595e+01,3.8416478621e-05,1.0013193359e+03,8.8587225618e-02,-1.5762848003e-03,4.3149438421e-04,1.0014127104e+10,1.0012003328e+10,1.0013449216e+10,1.0014127197e+03,1.0012003174e+03,1.0013449707e+03,-2.0001654048e-03,-9.8418002017e-04,-1.7445089761e-03
270,9.9955159040e+09,1.9447156037e+07,9.9998043918e+00,8.4553341992e-04,9.9955161540e+02,1.9447092102e+00,-2.7060755140e-04,1.0673926384e-03,9.9680532480e+09,1.0007966720e+10,1.0010527744e+10,9.9680535889e+02,1.0007966919e+03,1.0010527954e+03,-1.5619455371e-03,1.0520586511e-03,-3.0193576822e-04
275,1.0011988992e+10,4.2911424267e+05,1.0000520363e+01,1.8613984761e-05,1.0011988932e+03,4.2912427035e-02,-9.7883539274e-04,2.1852689795e-04,1.0011428864e+10,1.0012471296e+10,1.0012066816e+10,1.0011428833e+03,1.0012471313e+03,1.0012066650e+03,-6.8330485374e-04,-1.2048776262e-03,-1.0483236983e-03
280,1.0008467797e+10,3.7957573963e+06,1.0000367565e+01,1.6471274535e-04,1.0008467611e+03,3.7960614893e-01,3.1148267832e-04,1.3096120487e-03,1.0012919808e+10,1.0008839168e+10,1.0003644416e+10,1.0012919922e+03,1.0008839111e+03,1.0003643799e+03,-1.4088408789e-03,5.7751423446e-04,1.7657746794e-03
285,1.0010393259e+10,2.4924142237e+06,1.0000451126e+01,1.0813572875e-04,1.0010393473e+03,2.4927266102e-01,-1.4773463287e-04,1.2730538950e-03,1.0013165568e+10,1.0010892288e+10,1.0007121920e+10,1.0013165894e+03,1.0010892944e+03,1.0007121582e+03,-1.5913804527e-03,-3.5753095290e-04,1.5057075070e-03
290,9.9280544427e+09,1.1817335170e+08,9.9968332088e+00,5.1914828747e-03,9.9280541992e+02,1.1817350040e+01,-1.1767766555e-03,1.2641197784e-03,1.0014409728e+10,9.7609635840e+09,1.0008790016e+10,1.0014409790e+03,9.7609631348e+02,1.0008789673e+03,-2.1677559707e-03,-1.9698785618e-03,6.0730456607e-04
295,1.0009887744e+10,1.4915890180e+06,1.0000429202e+01,6.4717786080e-05,1.0009887695e+03,1.4917122881e-01,6.6289018529e-05,7.4817834749e-04,1.0007815168e+10,1.0011264000e+10,1.0010584064e+10,1.0007814941e+03,1.0011264038e+03,1.0010584106e+03,1.0999130318e-03,-6.4641149947e-04,-2.5463447673e-04
300,9.8940122453e+09,1.4764989120e+08,9.9953237381e+00,6.5157902861e-03,9.8940122477e+02,1.4765010870e+01,1.5130258980e-03,8.8456786365e-04,1.0004562944e+10,9.9921469440e+09,9.6853268480e+09,1.0004562988e+03,9.9921472168e+02,9.6853265381e+02,2.6837754995e-03,1.3093571179e-03,5.4594507674e-04
305,1.0008048981e+10,2.4518991420e+06,1.0000349409e+01,1.0639677763e-04,1.0008049316e+03,2.4518888623e-01,2.7543005611e-04,6.5771460853e-04,1.0005195776e+10,1.0007769088e+10,1.0011182080e+10,1.0005195923e+03,1.0007769775e+03,1.0011182251e+03,2.5903829373e-04,1.0890334379e-03,-5.2178156329e-04
310,9.9890384213e+09,1.5453972248e+07,9.9995231642e+00,6.7154671176e-04,9.9890382894e+02,1.5453955373e+00,2.5006333211e-04,1.5800371207e-03,1.0010764288e+10,9.9802316800e+09,9.9761192960e+09,1.0010764160e+03,9.9802313232e+02,9.9761193848e+02,-4.0463800542e-04,2.4276303593e-03,-1.2728023576e-03
315,1.0006478165e+10,4.1476013492e+06,1.0000281215e+01,1.8003229026e-04,1.0006478271e+03,4.1475964584e-01,7.6048133390e-04,7.4545362266e-04,1.0008232960e+10,1.0010447872e+10,1.0000753664e+10,1.0008233032e+03,1.0010447998e+03,1.0000753784e+03,9.1728172265e-04,-2.2075432935e-04,1.5849166084e-03
320,1.0006743040e+10,6.9733923836e+05,1.0000292747e+01,3.0265065320e-05,1.0006743164e+03,6.9769368714e-02,1.4139775109e-03,5.8529331555e-04,1.0005809152e+10,1.0007484416e+10,1.0006935552e+10,1.0005808716e+03,1.0007484741e+03,1.0006936035e+03,2.0360324997e-03,6.3004612457e-04,1.5758539084e-03
325,9.9417815040e+09,9.7675380332e+07,9.9974431554e+00,4.2818424553e-03,9.9417816162e+02,9.7675482276e+00,4.3512614987e-04,1.4446410602e-03,1.0012644352e+10,9.8036633600e+09,1.0009036800e+10,1.0012644653e+03,9.8036633301e+02,1.0009036865e+03,-1.3577904319e-03,2.1798587404e-03,4.8331014114e-04
330,1.0012051456e+10,1.7039575383e+06,1.0000523067e+01,7.3917303608e-05,1.0012051595e+03,1.7038095753e-01,-1.0346187337e-03,8.6793463452e-04,1.0013288448e+10,1.0013223936e+10,1.0009641984e+10,1.0013288574e+03,1.0013223877e+03,1.0009642334e+03,-1.6508826520e-03,-1.6457962338e-03,1.9282268477e-04
335,1.0007729152e+10,6.7507622297e+05,1.0000335542e+01,2.9296148967e-05,1.0007728678e+03,6.7486638475e-02,1.1788303382e-03,3.0197385211e-04,1.0008343552e+10,1.0006789120e+10,1.0008054784e+10,1.0008342896e+03,1.0006788940e+03,1.0008054199e+03,8.7314966368e-04,1.5899376012e-03,1.0734037496e-03
340,1.0010971819e+10,3.1147398514e+06,1.0000476218e+01,1.3512178119e-04,1.0010971883e+03,3.1145024544e-01,-4.8365298426e-04,1.6175403909e-03,1.0010832896e+10,1.0014854144e+10,1.0007228416e+10,1.0010832520e+03,1.0014854126e+03,1.0007229004e+03,-3.8305151975e-04,-2.5131113362e-03,1.4452039031e-03
345,1.0010256725e+10,1.7674181331e+06,1.0000445209e+01,7.6682113110e-05,1.0010257161e+03,1.7673716650e-01,-1.6806017569e-04,9.5713736191e-04,1.0007882752e+10,1.0012121088e+10,1.0010766336e+10,1.0007883301e+03,1.0012121582e+03,1.0010766602e+03,1.1197500862e-03,-1.1729728431e-03,-4.5095777023e-04
350,1.0011188224e+10,1.3589018869e+06,1.0000485623e+01,5.8951620958e-05,1.0011188151e+03,1.3589712337e-01,-6.0051976955e-04,6.2623362079e-04,1.0012692480e+10,1.0011471872e+10,1.0009400320e+10,1.0012692261e+03,1.0011472168e+03,1.0009400024e+03,-1.2893285602e-03,-7.3820422404e-04,2.2597347561e-04
355,9.9537527467e+09,7.8761217103e+07,9.9979732015e+00,3.4461511007e-03,9.9537524414e+02,7.8761371083e+00,6.2567567996e-04,1.0312687901e-03,9.8423930880e+09,1.0011497472e+10,1.0007367680e+10,9.8423925781e+02,1.0011497803e+03,1.0007366943e+03,1.3465901138e-03,-8.3272723714e-04,1.3631641632e-03
360,1.0009519104e+10,2.8703632684e+06,1.0000413195e+01,1.2453607850e-04,1.0009519246e+03,2.8701343938e-01,-1.4916866688e-03,1.5370303689e-03,1.0009120768e+10,1.0013216768e+10,1.0006219776e+10,1.0009121094e+03,1.0013216553e+03,1.0006220093e+03,4.3300856487e-04,-1.5791887417e-03,-3.3288798295e-03
365,1.0011293355e+10,2.6663311395e+06,1.0000490172e+01,1.1567748694e-04,1.0011293538e+03,2.6662873132e-01,-6.6459400114e-04,1.3307709245e-03,1.0007525376e+10,1.0013302784e+10,1.0013051904e+10,1.0007525635e+03,1.0013303223e+03,1.0013051758e+03,1.2170050759e-03,-1.6387936193e-03,-1.5719934599e-03
370,1.0011609088e+10,1.0770146870e+06,1.0000503881e+01,4.6720286591e-05,1.0011608887e+03,1.0768452526e-01,-7.8557509551e-04,5.3595534331e-04,1.0010240000e+10,1.0011715584e+10,1.0012871680e+10,1.0010239868e+03,1.0011715698e+03,1.0012871094e+03,-1.0735245451e-04,-8.3162885858e-04,-1.4177439734e-03
375,1.0009459029e+10,2.5541246912e+06,1.0000410592e+01,1.1081658863e-04,1.0009459229e+03,2.5541243696e-01,8.2121579908e-05,1.1092412580e-03,1.0006516736e+10,1.0009115648e+10,1.0012744704e+10,1.0006516724e+03,1.0009116211e+03,1.0012744751e+03,1.2107243529e-03,4.6138581820e-04,-1.4257454313e-03
380,1.0011827541e+10,1.1247828844e+06,1.0000513357e+01,4.8789206994e-05,1.0011826986e+03,1.1250133528e-01,-8.7965673689e-04,6.0866296841e-04,1.0011222016e+10,1.0013404160e+10,1.0010856448e+10,1.0011221313e+03,1.0013403931e+03,1.0010855713e+03,-5.6359585142e-04,-1.7310738331e-03,-3.4430052619e-04
385,1.0011575979e+10,2.1500167515e+06,1.0000502438e+01,9.3272996363e-05,1.0011576131e+03,2.1502403633e-01,-7.3701560420e-04,1.0957158243e-03,1.0012903424e+10,1.0013281280e+10,1.0008543232e+10,1.0012903442e+03,1.0013281860e+03,1.0008543091e+03,-1.3959475327e-03,-1.6221468104e-03,8.0704753054e-04
390,1.0010851328e+10,8.2077331585e+05,1.0000471010e+01,3.5607854350e-05,1.0010851847e+03,8.2071178548e-02,-4.4319491280e-04,4.0421153839e-04,1.0009725952e+10,1.0011660288e+10,1.0011167744e+10,1.0009726562e+03,1.0011660767e+03,1.0011168213e+03,1.1798908963e-04,-8.1804633373e-04,-6.2952749431e-04
395,9.9794530987e+09,3.8402453356e+07,9.9991035200e+00,1.6735167259e-03,9.9794533285e+02,3.8402420325e+00,1.4222837441e-03,4.1166260315e-04,1.0006986752e+10,9.9251456000e+09,1.0006226944e+10,1.0006986694e+03,9.9251458740e+02,1.0006227417e+03,1.4941268601e-03,8.8603422046e-04,1.8866901519e-03
400,1.0009708203e+10,1.1132738285e+06,1.0000421415e+01,4.8300078417e-05,1.0009708252e+03,1.1131796316e-01,1.5405202673e-04,5.3866762757e-04,1.0011282432e+10,1.0008941568e+10,1.0008900608e+10,1.0011282349e+03,1.0008941650e+03,1.0008900757e+03,-6.0243229382e-04,4.5455858344e-04,6.1002979055e-04
405,1.0007970816e+10,1.4649693441e+06,1.0000346026e+01,6.3571227510e-05,1.0007970785e+03,1.4652935044e-01,1.0583273882e-03,7.1899081144e-04,1.0006281216e+10,1.0007777280e+10,1.0009853952e+10,1.0006280518e+03,1.0007777710e+03,1.0009854126e+03,1.8903405871e-03,1.1485195719e-03,1.3612200564e-04
410,1.0013305515e+10,2.9492233858e+06,1.0000577448e+01,1.2792073181e-04,1.0013305461e+03,2.9491907221e-01,-1.6834043684e-03,1.5366735992e-03,1.0014166016e+10,1.0009340928e+10,1.0016409600e+10,1.0014166260e+03,1.0009340820e+03,1.0016409302e+03,-2.0712432452e-03,3.6233427818e-04,-3.3413041383e-03
415,1.0009639936e+10,1.8837616738e+06,1.0000418448e+01,8.1730968990e-05,1.0009639893e+03,1.8836713655e-01,3.5706354538e-05,9.6771043150e-04,1.0012022784e+10,1.0009480192e+10,1.0007416832e+10,1.0012022705e+03,1.0009479980e+03,1.0007416992e+03,-1.0116013000e-03,-2.0356525783e-04,1.3222856214e-03
420,1.0009174016e+10,1.6897700375e+06,1.0000398234e+01,7.3314989413e-05,1.0009173991e+03,1.6897600614e-01,4.3919796978e-04,8.5264021308e-04,1.0011510784e+10,1.0008438784e+10,1.0007572480e+10,1.0011510620e+03,1.0008439331e+03,1.0007572021e+03,-7.4341299478e-04,8.2662486238e-04,1.2343820417e-03
425,1.0010826411e+10,8.7879022680e+05,1.0000469929e+01,3.8123831152e-05,1.0010826416e+03,8.7868242593e-02,-7.1124280415e-04,3.1777090570e-04,1.0010731520e+10,1.0011947008e+10,1.0009800704e+10,1.0010731201e+03,1.0011947021e+03,1.0009801025e+03,-3.1986349495e-04,-1.0982024251e-03,-7.1566249244e-04
430,1.0010147499e+10,1.4306703984e+06,1.0000440472e+01,6.2073374593e-05,1.0010147502e+03,1.4311231702e-01,-6.1339524109e-05,7.0216938157e-04,1.0011183104e+10,1.0008124416e+10,1.0011134976e+10,1.0011183472e+03,1.0008123779e+03,1.0011135254e+03,-5.5446010083e-04,9.3167024897e-04,-5.6122872047e-04
435,9.4384785067e+09,8.0777306715e+08,9.9732378138e+00,3.8440459862e-02,9.4384783936e+02,8.0777313212e+01,7.5239148767e-04,1.2474862968e-03,1.0007437312e+10,8.2961177600e+09,1.0011880448e+10,1.0007437744e+03,8.2961175537e+02,1.0011879883e+03,1.2941097375e-03,1.9355746917e-03,-9.7250996623e-04
440,1.0010728107e+10,1.5326853385e+06,1.0000465661e+01,6.6488798379e-05,1.0010727946e+03,1.5325915446e-01,-3.5429571290e-04,7.6149344482e-04,1.0009752576e+10,1.0009539584e+10,1.0012892160e+10,1.0009752808e+03,1.0009539185e+03,1.0012891846e+03,1.7698196461e-04,1.9130919827e-04,-1.4311783016e-03
445,1.0000476501e+10,1.5470717827e+07,1.0000020174e+01,6.7222087643e-04,1.0000476685e+03,1.5470684562e+00,-5.7711586123e-04,1.2978239057e-03,9.9785984000e+09,1.0011577344e+10,1.0011253760e+10,9.9785986328e+02,1.0011577759e+03,1.0011253662e+03,1.1049534660e-03,-7.8214547830e-04,-2.0541555714e-03
450,1.0006367232e+10,4.5156394525e+06,1.0000276393e+01,1.9600932333e-04,1.0006367188e+03,4.5153761842e-01,-1.4613363116e-05,6.6054449452e-04,1.0000192512e+10,1.0008043520e+10,1.0010865664e+10,1.0000192871e+03,1.0008043213e+03,1.0010865479e+03,-5.3476815810e-04,9.1744452948e-04,-4.2651646072e-04
455,1.0009532757e+10,1.4808744995e+06,1.0000413800e+01,6.4255226549e-05,1.0009533081e+03,1.4806899960e-01,2.0840576326e-04,7.6651280549e-04,1.0007470080e+10,1.0010250240e+10,1.0010877952e+10,1.0007470703e+03,1.0010250244e+03,1.0010878296e+03,1.2720591621e-03,-1.4233005641e-04,-5.0451181596e-04
460,1.0008467115e+10,1.3940170342e+06,1.0000367562e+01,6.0492242275e-05,1.0008467204e+03,1.3942576561e-01,7.0498537874e-04,5.7549278844e-04,1.0006565888e+10,1.0009869312e+10,1.0008966144e+10,1.0006565552e+03,1.0009869385e+03,1.0008966675e+03,1.4743495267e-03,9.0418485343e-05,5.5018812418e-04
465,1.0011842219e+10,9.3030924428e+05,1.0000513995e+01,4.0355996244e-05,1.0011841838e+03,9.3049629855e-02,-9.4312710765e-04,4.3515434449e-04,1.0012196864e+10,1.0012762112e+10,1.0010567680e+10,1.0012196655e+03,1.0012761841e+03,1.0010567017e+03,-1.1425369885e-03,-1.3476202730e-03,-3.3922406146e-04
470,1.0009802411e+10,6.6061061103e+05,1.0000425504e+01,2.8662240300e-05,1.0009802653e+03,6.6080553778e-02,2.6905830358e-06,2.0966467347e-04,1.0010501120e+10,1.0008915968e+10,1.0009990144e+10,1.0010501709e+03,1.0008916016e+03,1.0009990234e+03,-2.4564101477e-04,2.6716844877e-04,-1.3455684893e-05
475,1.0009650859e+10,1.1215115321e+06,1.0000418927e+01,4.8657756302e-05,1.0009651082e+03,1.1213665245e-01,1.4468533724e-04,5.1442399224e-04,1.0008797184e+10,1.0011235328e+10,1.0008920064e+10,1.0008797607e+03,1.0011235352e+03,1.0008920288e+03,4.4882195652e-04,-5.7972356444e-04,5.6495761964e-04
480,9.9811031040e+09,4.1524512804e+07,9.9991747760e+00,1.8094742029e-03,9.9811031087e+02,4.1524234830e+00,-6.6466425778e-05,3.7357222579e-04,1.0010340352e+10,1.0010590208e+10,9.9223787520e+09,1.0010339966e+03,1.0010590210e+03,9.9223791504e+02,-3.2484091935e-04,-3.3636097214e-04,4.6180261415e-04
485,1.0009560064e+10,1.5840925865e+06,1.0000414985e+01,6.8726884067e-05,1.0009560140e+03,1.5837740881e-01,8.7337034832e-05,7.3441269958e-04,1.0011789312e+10,1.0008637440e+10,1.0008253440e+10,1.0011788940e+03,1.0008637695e+03,1.0008253784e+03,-8.9013844263e-04,2.7202002821e-04,8.8012951892e-04
490,1.0012327595e+10,1.5646609051e+06,1.0000535046e+01,6.7871281039e-05,1.0012327881e+03,1.5645804859e-01,-1.1402149952e-03,7.6696196800e-04,1.0010194944e+10,1.0012882944e+10,1.0013904896e+10,1.0010195312e+03,1.0012883301e+03,1.0013905029e+03,-7.9235956946e-05,-1.4755415032e-03,-1.8658675253e-03
495,1.0010710016e+10,1.1094985264e+06,1.0000464879e+01,4.8135066316e-05,1.0010710246e+03,1.1095795614e-01,-3.4038398492e-04,5.6663935076e-04,1.0009157632e+10,1.0011683840e+10,1.0011288576e+10,1.0009157715e+03,1.0011683960e+03,1.0011289062e+03,4.5604433399e-04,-8.1538798986e-04,-6.6180829890e-04
500,1.0008461653e+10,3.5005936204e+06,1.0000367303e+01,1.5188490653e-04,1.0008461914e+03,3.5005405142e-01,6.4633888542e-05,1.2834411244e-03,1.0005174272e+10,1.0013310976e+10,1.0006899712e+10,1.0005174561e+03,1.0013311157e+03,1.0006900024e+03,2.2821682796e-04,-1.5826486051e-03,1.5483334428e-03
505,9.9866385067e+09,3.0779598770e+07,9.9994172641e+00,1.3399352150e-03,9.9866387939e+02,3.0779611008e+00,8.2788579554e-04,1.2751940859e-03,9.9433072640e+09,1.0004715520e+10,1.0011892736e+10,9.9433074951e+02,1.0004716187e+03,1.0011892700e+03,1.6765894834e-03,1.7815602478e-03,-9.7449234454e-04
510,1.0009908224e+10,2.1914831317e+06,1.0000430085e+01,9.5082518933e-05,1.0009908447e+03,2.1911388173e-01,-1.0171352187e-04,1.2665652611e-03,1.0010166272e+10,1.0007104512e+10,1.0012453888e+10,1.0010166626e+03,1.0007105103e+03,1.0012453613e+03,-9.6738745924e-05,1.4470124152e-03,-1.6554142348e-03
515,1.0010911061e+10,1.8331320570e+06,1.0000473596e+01,7.9530268517e-05,1.0010911255e+03,1.8334800425e-01,-4.7086188958e-04,9.3678541197e-04,1.0012279808e+10,1.0012133376e+10,1.0008320000e+10,1.0012280273e+03,1.0012133789e+03,1.0008319702e+03,-1.1251653777e-03,-1.1413401226e-03,8.5391983157e-04
520,1.0007978667e+10,1.2040034870e+06,1.0000346368e+01,5.2249332304e-05,1.0007978719e+03,1.2038602784e-01,5.2361971272e-04,1.0611033101e-03,1.0006311936e+10,1.0008510464e+10,1.0009113600e+10,1.0006312256e+03,1.0008510132e+03,1.0009113770e+03,1.8617117312e-03,-7.3368020821e-04,4.4282761519e-04
525,9.9762565120e+09,4.6275000347e+07,9.9989629250e+00,2.0177891080e-03,9.9762567139e+02,4.6274808148e+00,-3.8007076849e-04,1.0565202342e-04,1.0010885120e+10,9.9108515840e+09,1.0007032832e+10,1.0010885010e+03,9.9108520508e+02,1.0007033081e+03,-4.2651331751e-04,-2.3386233079e-04,-4.7983665718e-04
530,1.0010841088e+10,2.6525865665e+06,1.0000470552e+01,1.1507536492e-04,1.0010841064e+03,2.6525519846e-01,-4.3592351722e-04,1.3361094938e-03,1.0007607296e+10,1.0010811392e+10,1.0014104576e+10,1.0007607422e+03,1.0010811157e+03,1.0014104614e+03,1.1862779502e-03,-4.0789990453e-04,-2.0861485973e-03
535,1.0010920277e+10,2.3472321692e+06,1.0000473991e+01,1.0183330807e-04,1.0010920614e+03,2.3471784065e-01,-8.1455119653e-04,6.9781506706e-04,1.0007736320e+10,1.0013325312e+10,1.0011699200e+10,1.0007736816e+03,1.0013325806e+03,1.0011699219e+03,7.0898735430e-05,-1.6346388729e-03,-8.7991345208e-04
540,9.9956875947e+09,2.0315749507e+07,9.9998117764e+00,8.8331493503e-04,9.9956874593e+02,2.0315569831e+00,-4.3023005613e-04,2.5791169411e-04,1.0010929152e+10,9.9669749760e+09,1.0009158656e+10,1.0010928955e+03,9.9669750977e+02,1.0009158325e+03,-5.1577651175e-04,-6.9452199386e-04,-8.0391662777e-05
545,1.0010367317e+10,2.2249322090e+06,1.0000450003e+01,9.6527993659e-05,1.0010367432e+03,2.2246425002e-01,-2.9725775433e-04,1.1143066910e-03,1.0007609344e+10,1.0013058048e+10,1.0010434560e+10,1.0007609863e+03,1.0013057861e+03,1.0010434570e+03,1.1909933528e-03,-1.4901043614e-03,-5.9266225435e-04
550,9.9979711147e+09,1.1431419688e+07,9.9999115937e+00,4.9671901506e-04,9.9979709880e+02,1.1431048995e+00,1.2988415280e-03,1.4910494802e-03,9.9822028800e+09,1.0008943616e+10,1.0002766848e+10,9.9822033691e+02,1.0008943481e+03,1.0002766113e+03,6.4614992880e-05,4.3529397226e-04,3.3966156188e-03
555,9.9927538347e+09,2.3435312865e+07,9.9996839933e+00,1.0193633600e-03,9.9927539062e+02,2.3435315841e+00,4.1717097823e-04,4.5634405411e-04,1.0008303616e+10,9.9596318720e+09,1.0010326016e+10,1.0008303223e+03,9.9596319580e+02,1.0010326538e+03,8.7121815886e-04,5.8733212063e-04,-2.0703734481e-04
560,1.0009236821e+10,1.2630727188e+06,1.0000400961e+01,5.4805493251e-05,1.0009236857e+03,1.2631087912e-01,-1.3644610590e-05,2.9416474988e-04,1.0010537984e+10,1.0007526400e+10,1.0009646080e+10,1.0010537720e+03,1.0007526245e+03,1.0009646606e+03,-3.9911386557e-04,3.1458702870e-04,4.3593005103e-05
565,9.9750847147e+09,5.4609606023e+07,9.9989100676e+00,2.3822173984e-03,9.9750844320e+02,5.4609894326e+00,-1.3264848579e-03,1.2076490904e-03,1.0015107072e+10,9.8978723840e+09,1.0012274688e+10,1.0015107422e+03,9.8978717041e+02,1.0012274170e+03,-2.5623445399e-03,3.1228415901e-04,-1.7293941928e-03
570,1.0009846443e+10,3.4501936526e+06,1.0000427389e+01,1.4970486856e-04,1.0009846191e+03,3.4502657550e-01,-6.0308052343e-04,8.6438728664e-04,1.0005154816e+10,1.0013352960e+10,1.0011031552e+10,1.0005154419e+03,1.0013352661e+03,1.0011031494e+03,4.1297482676e-04,-1.6997266794e-03,-5.2248971770e-04
575,1.0008782848e+10,3.1314617616e+06,1.0000381246e+01,1.3589021131e-04,1.0008782959e+03,3.1312170572e-01,-1.4531077856e-04,6.1357417978e-04,1.0004460544e+10,1.0011779072e+10,1.0010108928e+10,1.0004461060e+03,1.0011779175e+03,1.0010108643e+03,6.4075237606e-04,-8.5660081822e-04,-2.2008389351e-04
580,1.0012217685e+10,3.0574741613e+05,1.0000530283e+01,1.3262143019e-05,1.0012218018e+03,3.0594426354e-02,-1.1028029451e-03,1.8465171023e-04,1.0012113920e+10,1.0011906048e+10,1.0012633088e+10,1.0012114258e+03,1.0011906128e+03,1.0012633667e+03,-1.0529593565e-03,-9.0573128546e-04,-1.3497181935e-03
585,9.9820154880e+09,3.7827675240e+07,9.9992151154e+00,1.6479881631e-03,9.9820155843e+02,3.7827610542e+00,-2.7839984978e-04,1.5120217600e-03,9.9285831680e+09,1.0010998784e+10,1.0006464512e+10,9.9285833740e+02,1.0010999146e+03,1.0006464233e+03,-1.9484299701e-03,-5.9991591843e-04,1.7131463392e-03
590,1.0013074432e+10,9.8179868294e+05,1.0000567442e+01,4.2581832889e-05,1.0013074544e+03,9.8196093087e-02,-1.5444808717e-03,4.9030309252e-04,1.0014461952e+10,1.0012336128e+10,1.0012425216e+10,1.0014462280e+03,1.0012335815e+03,1.0012425537e+03,-2.2359904833e-03,-1.1544934241e-03,-1.2429587077e-03
595,1.0011229867e+10,2.6204748001e+06,1.0000487418e+01,1.1366767034e-04,1.0011229858e+03,2.6204010228e-01,-6.9465167083e-04,1.2388270022e-03,1.0009502720e+10,1.0009253888e+10,1.0014932992e+10,1.0009503174e+03,1.0009253540e+03,1.0014932861e+03,2.4755462073e-04,1.1339489720e-04,-2.4449045304e-03
600,9.7742987947e+09,3.3439178204e+08,9.9898271292e+00,1.5046474775e-02,9.7742989095e+02,3.3439172103e+01,3.5214876698e-04,1.1503751701e-03,9.3013975040e+09,1.0011019264e+10,1.0010479616e+10,9.3013977051e+02,1.0011019287e+03,1.0010479736e+03,1.9560744986e-03,-6.8563444074e-04,-2.1399375692e-04
605,1.0008386901e+10,1.8503556903e+06,1.0000364078e+01,8.0293699283e-05,1.0008386841e+03,1.8503272447e-01,7.8013560172e-04,8.7032420803e-04,1.0010554368e+10,1.0008572928e+10,1.0006033408e+10,1.0010554199e+03,1.0008572998e+03,1.0006033325e+03,-2.3891207820e-04,6.9186958717e-04,1.8874492962e-03
610,1.0009777835e+10,3.9720115971e+06,1.0000424404e+01,1.7233442103e-04,1.0009777832e+03,3.9717538872e-01,-8.2972585369e-04,1.0500097411e-03,1.0009827328e+10,1.0014617600e+10,1.0004888576e+10,1.0009827271e+03,1.0014617310e+03,1.0004888916e+03,8.6526248197e-05,-2.2998510394e-03,-2.7585276985e-04
615,1.0010717184e+10,3.1076928352e+06,1.0000465171e+01,1.3481930184e-04,1.0010717163e+03,3.1077434598e-01,-8.2463253057e-04,1.0447033975e-03,1.0010558464e+10,1.0014600192e+10,1.0006992896e+10,1.0010558472e+03,1.0014600220e+03,1.0006992798e+03,-2.5107493275e-04,-2.2905557416e-03,6.7733082687e-05
620,1.0010943829e+10,1.6368834225e+06,1.0000475019e+01,7.1007174782e-05,1.0010943807e+03,1.6372688975e-01,-6.6379406659e-04,6.9135152927e-04,1.0009890816e+10,1.0013255680e+10,1.0009684992e+10,1.0009890137e+03,1.0013256226e+03,1.0009685059e+03,3.4739165130e-05,-1.6055038432e-03,-4.2061752174e-04
625,1.0013474133e+10,6.8801031798e+05,1.0000584779e+01,2.9839537862e-05,1.0013474121e+03,6.8796359673e-02,-1.7753103748e-03,3.3378369389e-04,1.0014351360e+10,1.0013400064e+10,1.0012670976e+10,1.0014351196e+03,1.0013400269e+03,1.0012670898e+03,-2.1890278440e-03,-1.7652909737e-03,-1.3716123067e-03
630,1.0010898432e+10,1.8476304915e+06,1.0000473048e+01,8.0158039163e-05,1.0010898844e+03,1.8477855912e-01,-9.1955295647e-04,4.3528182747e-04,1.0011602944e+10,1.0008367104e+10,1.0012725248e+10,1.0011603394e+03,1.0008367310e+03,1.0012725830e+03,-7.7387399506e-04,-4.7442657524e-04,-1.5103582991e-03
635,9.8037323093e+09,2.9317207833e+08,9.9911943876e+00,1.3130464765e-02,9.8037325033e+02,2.9317212396e+01,3.6058418967e-04,1.4578933814e-03,1.0009602048e+10,1.0012467200e+10,9.3891276800e+09,1.0009602661e+03,1.0012467041e+03,9.3891278076e+02,1.1434916087e-04,-1.2890661601e-03,2.2564695682e-03
640,1.0011220992e+10,7.8807960743e+05,1.0000487047e+01,3.4186599223e-05,1.0011220907e+03,7.8825926946e-02,-6.8290694617e-04,3.5532418367e-04,1.0012328960e+10,1.0010562560e+10,1.0010771456e+10,1.0012329102e+03,1.0010562134e+03,1.0010771484e+03,-1.1848307913e-03,-4.5285563101e-04,-4.1103441617e-04
645,1.0001535317e+10,1.0911542623e+07,1.0000066414e+01,4.7398108743e-04,1.0001535238e+03,1.0911557498e+00,9.5219914995e-04,1.0758537017e-03,9.9862128640e+09,1.0010780672e+10,1.0007612416e+10,9.9862127686e+02,1.0010780640e+03,1.0007612305e+03,2.1173430141e-03,-4.7773434198e-04,1.2169887777e-03
650,1.0011305301e+10,2.0256409915e+06,1.0000490697e+01,8.7876383601e-05,1.0011305339e+03,2.0253629430e-01,-7.5067490494e-04,1.0688103085e-03,1.0008606720e+10,1.0011822080e+10,1.0013487104e+10,1.0008607178e+03,1.0011821899e+03,1.0013486938e+03,6.8979826756e-04,-1.0742869927e-03,-1.8675359897e-03
655,1.0010603179e+10,1.1318315847e+06,1.0000460243e+01,4.9100814466e-05,1.0010603434e+03,1.1317659711e-01,-2.8830349765e-04,5.8076816708e-04,1.0009737216e+10,1.0012201984e+10,1.0009870336e+10,1.0009737549e+03,1.0012202148e+03,1.0009870605e+03,1.7159555864e-04,-1.1075807270e-03,7.1074675361e-05
660,1.0008939179e+10,1.8823196732e+06,1.0000388042e+01,8.1676353305e-05,1.0008939412e+03,1.8824689067e-01,5.1058734728e-04,9.5263657710e-04,1.0006537216e+10,1.0009146368e+10,1.0011133952e+10,1.0006537476e+03,1.0009146118e+03,1.0011134644e+03,1.7080696998e-03,4.4645040180e-04,-6.2275805976e-04
665,1.0010437973e+10,1.4058435630e+06,1.0000453075e+01,6.0991836117e-05,1.0010437826e+03,1.4059208850e-01,-3.3380345364e-04,5.7975188931e-04,1.0012103680e+10,1.0008665088e+10,1.0010545152e+10,1.0012103271e+03,1.0008664551e+03,1.0010545654e+03,-1.0552830063e-03,3.6423266283e-04,-3.1036001747e-04
670,1.0005609472e+10,6.1233126279e+06,1.0000243467e+01,2.6583248690e-04,1.0005609334e+03,6.1229949846e-01,-5.8052886743e-05,5.6751108219e-04,1.0008537088e+10,9.9970877440e+09,1.0011203584e+10,1.0008536987e+03,9.9970880127e+02,1.0011203003e+03,7.3169363895e-04,-3.2911758171e-04,-5.7673471747e-04
675,1.0011712512e+10,1.9977402832e+06,1.0000508362e+01,8.6655753155e-05,1.0011712240e+03,1.9980628406e-01,-8.5340218114e-04,9.9868700794e-04,1.0014394368e+10,1.0009602048e+10,1.0011141120e+10,1.0014394531e+03,1.0009601440e+03,1.0011140747e+03,-2.1957308054e-03,1.9812906976e-04,-5.6260480778e-04
680,9.9901177173e+09,2.5924589486e+07,9.9995691416e+00,1.1280402687e-03,9.9901177979e+02,2.5924473847e+00,1.0096536037e-03,4.2643891879e-04,9.9534622720e+09,1.0007804928e+10,1.0009085952e+10,9.9534625244e+02,1.0007804565e+03,1.0009086304e+03,1.5020761639e-03,1.0649638716e-03,4.6192077571e-04
685,9.9924445867e+09,2.2706445003e+07,9.9996706261e+00,9.8766657442e-04,9.9924444580e+02,2.2706458872e+00,1.9391142996e-04,8.4924267160e-04,1.0007709696e+10,1.0009278464e+10,9.9603456000e+09,1.0007709351e+03,1.0009278564e+03,9.9603454590e+02,1.1583240703e-03,3.3158482984e-04,-9.0817461023e-04
690,1.0008982528e+10,1.1433316537e+06,1.0000389928e+01,4.9611658922e-05,1.0008982340e+03,1.1434565081e-01,2.9927007078e-04,8.1792977286e-04,1.0007369728e+10,1.0009888768e+10,1.0009689088e+10,1.0007369385e+03,1.0009888916e+03,1.0009688721e+03,1.3608307345e-03,-6.2941777287e-04,1.6639725072e-04
695,9.6212370773e+09,5.4861265789e+08,9.9825040850e+00,2.5305591322e-02,9.6212369792e+02,5.4861270315e+01,-6.9340040985e-05,6.8390758401e-04,8.8453816320e+09,1.0009028608e+10,1.0009300992e+10,8.8453814697e+02,1.0009028931e+03,1.0009300537e+03,-1.0345896007e-03,4.6633509919e-04,3.6023437860e-04
700,9.9816727893e+09,3.9718789859e+07,9.9991998843e+00,1.7305772576e-03,9.9816727702e+02,3.9718516326e+00,-4.1418670905e-04,6.8657509188e-04,9.9255019520e+09,1.0009723904e+10,1.0009792512e+10,9.9255023193e+02,1.0009724121e+03,1.0009791870e+03,-1.3844494242e-03,3.8995738578e-05,1.0289355851e-04
705,1.0011873963e+10,1.4919126719e+06,1.0000515369e+01,6.4718849166e-05,1.0011873983e+03,1.4915614698e-01,-9.1806812270e-04,7.4599967437e-04,1.0009810944e+10,1.0012522496e+10,1.0013288448e+10,1.0009811401e+03,1.0012522583e+03,1.0013287964e+03,1.2003218581e-04,-1.2742254185e-03,-1.6000111355e-03
710,1.0003321173e+10,9.1047029395e+06,1.0000144033e+01,3.9537252180e-04,1.0003321533e+03,9.1043921808e-01,1.1143839220e-04,1.2046107794e-03,1.0012376064e+10,9.9908659200e+09,1.0006721536e+10,1.0012376099e+03,9.9908666992e+02,1.0006721802e+03,-1.2041740119e-03,-1.6804068582e-04,1.7065298744e-03
715,1.0011208021e+10,2.8923885382e+06,1.0000486467e+01,1.2546653737e-04,1.0011207886e+03,2.8923456123e-01,-7.8231235966e-04,1.3175402288e-03,1.0010339328e+10,1.0008180736e+10,1.0015104000e+10,1.0010339355e+03,1.0008180542e+03,1.0015103760e+03,-3.3889204497e-04,5.6326884078e-04,-2.5713138748e-03
720,1.0006928384e+10,4.4115584642e+06,1.0000300749e+01,1.9147713754e-04,1.0006928507e+03,4.4119664038e-01,3.2941442138e-04,7.9401347653e-04,1.0008283136e+10,1.0000976896e+10,1.0011525120e+10,1.0008283081e+03,1.0000976562e+03,1.0011525879e+03,6.1113986885e-04,1.1299119797e-03,-7.5280858437e-04
725,1.0009244672e+10,2.2829188375e+06,1.0000401294e+01,9.9050793408e-05,1.0009244588e+03,2.2832709648e-01,3.9234747722e-04,1.1520907647e-03,1.0006727680e+10,1.0008752128e+10,1.0012254208e+10,1.0006727295e+03,1.0008751831e+03,1.0012254639e+03,1.6481200000e-03,6.6348636756e-04,-1.1345639359e-03
730,1.0009363115e+10,2.0718585249e+06,1.0000406435e+01,8.9889877705e-05,1.0009363200e+03,2.0717363040e-01,-3.1305298520e-04,1.1287214301e-03,1.0008380416e+10,1.0012244992e+10,1.0007463936e+10,1.0008380737e+03,1.0012244873e+03,1.0007463989e+03,-1.1439818190e-03,-1.0779215954e-03,1.2827444589e-03
735,1.0009012224e+10,1.9198426161e+06,1.0000391212e+01,8.3296991854e-05,1.0009012655e+03,1.9198530109e-01,3.8238808823e-04,9.1833235484e-04,1.0011726848e+10,1.0007612416e+10,1.0007697408e+10,1.0011727295e+03,1.0007612915e+03,1.0007697754e+03,-9.0190378251e-04,8.5735967150e-04,1.1917083757e-03
740,1.0010159787e+10,7.0973386731e+05,1.0000441009e+01,3.0791935281e-05,1.0010159709e+03,7.0978128177e-02,-1.8741070138e-04,3.7800362971e-04,1.0010102784e+10,1.0011056128e+10,1.0009320448e+10,1.0010103149e+03,1.0011055908e+03,1.0009320068e+03,-3.8734456757e-04,-5.1680370234e-04,3.4191616578e-04
745,9.9710317227e+09,5.8086354442e+07,9.9987327083e+00,2.5352310185e-03,9.9710316976e+02,5.8086316474e+00,-5.7544372976e-04,8.9284755995e-04,1.0010608640e+10,1.0013583360e+10,9.8889031680e+09,1.0010608521e+03,1.0013583374e+03,9.8889031982e+02,-2.5063985959e-04,-1.7945584841e-03,3.1886715442e-04
750,1.0010288128e+10,1.2382010515e+06,1.0000446575e+01,5.3717668867e-05,1.0010288493e+03,1.2383271953e-01,-3.9888871834e-04,6.4915064170e-04,1.0011960320e+10,1.0009902080e+10,1.0009001984e+10,1.0011961060e+03,1.0009901733e+03,1.0009002686e+03,-1.0102619417e-03,-6.8629730958e-04,4.9989309628e-04
755,1.0009933824e+10,2.2696674527e+06,1.0000431195e+01,9.8465770779e-05,1.0009933879e+03,2.2696537248e-01,-7.5920717791e-05,1.0145324642e-03,1.0008841216e+10,1.0013093888e+10,1.0007866368e+10,1.0008841553e+03,1.0013093872e+03,1.0007866211e+03,5.8415078092e-04,-1.5091986861e-03,6.9728575181e-04
760,9.9832412160e+09,3.8114729374e+07,9.9992683938e+00,1.6603199388e-03,9.9832409668e+02,3.8114911589e+00,5.3735779754e-04,1.0732056087e-03,1.0008654848e+10,9.9293675520e+09,1.0011701248e+10,1.0008654175e+03,9.9293670654e+02,1.0011701660e+03,6.1656534672e-04,1.8103659386e-03,-8.1485789269e-04
765,9.1002726400e+09,1.2866173708e+09,9.9543489188e+00,6.5177206649e-02,9.1002726237e+02,1.2866171312e+02,-6.6651757030e-04,1.3529308582e-03,1.0012406784e+10,7.2807229440e+09,1.0007688192e+10,1.0012406616e+03,7.2807232666e+02,1.0007687988e+03,-1.2148341630e-03,-1.9798555877e-03,1.1951370398e-03
770,1.0005583872e+10,6.4058995077e+06,1.0000242348e+01,2.7810438150e-04,1.0005583700e+03,6.4060162357e-01,1.8764100726e-04,7.6631829008e-04,1.0011377664e+10,1.0008718336e+10,9.9966556160e+09,1.0011377563e+03,1.0008718262e+03,9.9966552734e+02,-6.9666898344e-04,8.7244196038e-05,1.1723478092e-03
775,1.0012097195e+10,1.4570137890e+06,1.0000525052e+01,6.3202043416e-05,1.0012097168e+03,1.4568390741e-01,-1.1471245186e-03,5.7172150459e-04,1.0012354560e+10,1.0010198016e+10,1.0013739008e+10,1.0012354126e+03,1.0010198364e+03,1.0013739014e+03,-1.1639893055e-03,-4.3863148312e-04,-1.8387527671e-03
780,1.0009403051e+10,2.9986210459e+06,1.0000408158e+01,1.3011477859e-04,1.0009402873e+03,2.9983282354e-01,-1.5590895782e-04,9.8464746588e-04,1.0005348352e+10,1.0010354688e+10,1.0012506112e+10,1.0005348511e+03,1.0010354614e+03,1.0012505493e+03,1.0937061161e-03,-2.4860506528e-04,-1.3128279243e-03
785,1.0007752021e+10,6.3771905820e+06,1.0000336447e+01,2.7680574053e-04,1.0007752075e+03,6.3770812539e-01,-4.6285204977e-04,8.9884284426e-04,9.9987333120e+09,1.0012260352e+10,1.0012262400e+10,9.9987335205e+02,1.0012260132e+03,1.0012262573e+03,8.0715626245e-04,-1.0510924039e-03,-1.1446200078e-03
790,1.0008953173e+10,2.7110870525e+06,1.0000388641e+01,1.1763372753e-04,1.0008952840e+03,2.7111777628e-01,5.7313498110e-04,1.3410188586e-03,1.0005750784e+10,1.0008728576e+10,1.0012380160e+10,1.0005750122e+03,1.0008728638e+03,1.0012379761e+03,2.1588201635e-03,6.8123592064e-04,-1.1206511408e-03
795,9.8962295467e+09,1.5866807151e+08,9.9954135072e+00,7.0034851459e-03,9.8962296549e+02,1.5866858517e+01,1.5673340628e-04,5.2510527735e-04,9.6718499840e+09,1.0010341376e+10,1.0006497280e+10,9.6718493652e+02,1.0010341797e+03,1.0006497803e+03,-2.9954721685e-04,-1.2253077875e-04,8.9227821445e-04
800,1.0008361984e+10,6.4459478303e+05,1.0000363004e+01,2.7971635503e-05,1.0008362020e+03,6.4494463319e-02,8.1102243469e-04,3.2490302585e-04,1.0008775680e+10,1.0008858624e+10,1.0007451648e+10,1.0008776245e+03,1.0008858643e+03,1.0007451172e+03,5.8984663337e-04,5.7282112539e-04,1.2703995453e-03
805,1.0011341824e+10,1.5524369103e+06,1.0000492285e+01,6.7341620797e-05,1.0011341960e+03,1.5523636840e-01,-6.7461355745e-04,7.5038973861e-04,1.0013522944e+10,1.0010034176e+10,1.0010468352e+10,1.0013522949e+03,1.0010034180e+03,1.0010468750e+03,-1.7288714880e-03,-4.2449828470e-05,-2.5251935585e-04
810,1.0010128384e+10,2.0588257873e+05,1.0000439647e+01,8.9322893679e-06,1.0010128174e+03,2.0609467466e-02,-4.9686919435e-05,1.1522823534e-04,1.0010400768e+10,1.0010081280e+10,1.0009903104e+10,1.0010401001e+03,1.0010080566e+03,1.0009902954e+03,-2.1146333893e-04,1.4242165889e-05,4.8160414735e-05
815,1.0008552448e+10,1.0029015782e+06,1.0000371267e+01,4.3518640332e-05,1.0008552246e+03,1.0027020477e-01,5.4229797873e-04,2.8631699793e-04,1.0007267328e+10,1.0008675328e+10,1.0009714688e+10,1.0007267456e+03,1.0008674927e+03,1.0009714355e+03,8.3867786452e-04,6.3303345814e-04,1.5518261353e-04
820,1.0012952917e+10,1.7189757457e+06,1.0000562168e+01,7.4559764149e-05,1.0012952881e+03,1.7191487630e-01,-1.4973588986e-03,8.7411034942e-04,1.0013356032e+10,1.0010675200e+10,1.0014827520e+10,1.0013355713e+03,1.0010675049e+03,1.0014827881e+03,-1.7175780376e-03,-3.3381162211e-04,-2.4406870361e-03
825,1.0008835755e+10,6.1715313233e+05,1.0000383562e+01,2.6779323905e-05,1.0008835653e+03,6.1703098367e-02,5.5395740007e-04,3.1152232500e-04,1.0009475072e+10,1.0009030656e+10,1.0008001536e+10,1.0009475098e+03,1.0009030151e+03,1.0008001709e+03,2.0885997219e-04,4.8933515791e-04,9.6367707010e-04
830,9.9631616000e+09,6.4766096390e+07,9.9983879701e+00,2.8297008154e-03,9.9631616211e+02,6.4766055764e+00,8.1305232440e-04,5.9185863278e-04,1.0009825280e+10,1.0008085504e+10,9.8715740160e+09,1.0009825439e+03,1.0008085327e+03,9.8715740967e+02,2.6563922802e-05,9.5826032339e-04,1.4543327270e-03
835,1.0011068757e+10,3.4240526978e+06,1.0000480419e+01,1.4855825683e-04,1.0011068929e+03,3.4238470604e-01,-8.8965524143e-04,1.1797208854e-03,1.0013551616e+10,1.0006226944e+10,1.0013427712e+10,1.0013552246e+03,1.0006227417e+03,1.0013427124e+03,-1.7369017005e-03,7.7865354251e-04,-1.7107175663e-03
840,1.0008610133e+10,3.3753701729e+06,1.0000373748e+01,1.4648168406e-04,1.0008610229e+03,3.3754905165e-01,3.5237469516e-04,1.2103959887e-03,1.0003841024e+10,1.0011171840e+10,1.0010817536e+10,1.0003840942e+03,1.0011171875e+03,1.0010817871e+03,2.0609465428e-03,-5.9232336935e-04,-4.1149908793e-04
845,1.0010803883e+10,2.7114174656e+06,1.0000468937e+01,1.1763604344e-04,1.0010803833e+03,2.7112892721e-01,-5.8730348246e-04,1.0963691729e-03,1.0007108608e+10,1.0011764736e+10,1.0013538304e+10,1.0007108765e+03,1.0011764526e+03,1.0013538208e+03,8.7946606800e-04,-8.8539713761e-04,-1.7559793778e-03
850,1.0011108693e+10,1.2597473500e+06,1.0000482173e+01,5.4649201073e-05,1.0011108805e+03,1.2599116330e-01,-8.4472896803e-04,5.5219835314e-04,1.0012678144e+10,1.0009593856e+10,1.0011054080e+10,1.0012678223e+03,1.0009593506e+03,1.0011054688e+03,-1.6246153973e-03,-4.1989449528e-04,-4.8967701150e-04
855,9.9490942293e+09,9.1292118103e+07,9.9977651807e+00,3.9981413548e-03,9.9490942383e+02,9.1292288214e+00,-6.1389939704e-04,1.7923524659e-03,9.8199971840e+09,1.0014999552e+10,1.0012285952e+10,9.8199969482e+02,1.0014999390e+03,1.0012286377e+03,1.8014444504e-03,-2.4874366354e-03,-1.1557060061e-03
860,1.0007271083e+10,2.6279280156e+06,1.0000315649e+01,1.1405050275e-04,1.0007270915e+03,2.6282571410e-01,-6.6544875153e-05,9.3621962323e-04,1.0007744512e+10,1.0010226688e+10,1.0003842048e+10,1.0007744141e+03,1.0010227051e+03,1.0003841553e+03,1.1354223825e-03,-1.8667841505e-04,-1.1483785929e-03
865,9.9810870613e+09,1.0609297486e+07,9.9991775984e+00,4.6173427730e-04,9.9810866292e+02,1.0609254593e+00,2.1017350324e-04,2.6070405577e-04,9.9843123200e+09,9.9667845120e+09,9.9921643520e+09,9.9843121338e+02,9.9667840576e+02,9.9921636963e+02,-8.0425561464e-05,5.5197760230e-04,1.5896846890e-04
870,1.0010693632e+10,1.0297309921e+06,1.0000464168e+01,4.4674449647e-05,1.0010693766e+03,1.0298826532e-01,-9.2522243115e-04,2.4190069825e-04,1.0011312128e+10,1.0011526144e+10,1.0009242624e+10,1.0011312256e+03,1.0011526489e+03,1.0009242554e+03,-7.7047396917e-04,-7.3837401578e-04,-1.2668193085e-03
875,1.0011290965e+10,1.7203090963e+06,1.0000490077e+01,7.4629861986e-05,1.0011291097e+03,1.7200424893e-01,-7.2691778769e-04,8.8095573060e-04,1.0009020416e+10,1.0011669504e+10,1.0013182976e+10,1.0009020996e+03,1.0011669312e+03,1.0013182983e+03,4.7882940271e-04,-1.0582130635e-03,-1.6013697023e-03
880,1.0008771584e+10,2.9310916806e+06,1.0000380759e+01,1.2718594987e-04,1.0008771769e+03,2.9311563977e-01,6.3792183452e-04,1.4736115081e-03,1.0005090304e+10,1.0012262400e+10,1.0008962048e+10,1.0005090332e+03,1.0012262573e+03,1.0008962402e+03,2.4801085237e-03,-1.1270064861e-03,5.6066346588e-04
885,1.0006731776e+10,5.3433541276e+06,1.0000292197e+01,2.3194290559e-04,1.0006731771e+03,5.3433373706e-01,-5.4310339813e-04,1.1386309541e-03,1.0011376640e+10,9.9992473600e+09,1.0009571328e+10,1.0011376953e+03,9.9992474365e+02,1.0009570923e+03,-2.1533381660e-03,2.7088352363e-04,2.5314444792e-04
890,9.9977523200e+09,1.7128975990e+07,9.9999017356e+00,7.4451447637e-04,9.9977522786e+02,1.7128933583e+00,3.6511104554e-04,6.2187914502e-04,1.0008651776e+10,1.0011037696e+10,9.9735674880e+09,1.0008651733e+03,1.0011037598e+03,9.9735675049e+02,6.4003403531e-04,-4.9582368229e-04,9.5112278359e-04
895,1.0008397824e+10,2.5151659403e+06,1.0000364546e+01,1.0914452823e-04,1.0008397420e+03,2.5150341903e-01,8.2351410917e-04,1.2076703748e-03,1.0008888320e+10,1.0011203584e+10,1.0005101568e+10,1.0008887939e+03,1.0011203003e+03,1.0005101318e+03,5.6795281125e-04,-5.1114085363e-04,2.4137303699e-03
900,1.0011480747e+10,1.2790718740e+06,1.0000498313e+01,5.5486176782e-05,1.0011480916e+03,1.2790365496e-01,-9.2875374685e-04,7.4826876300e-04,1.0012984320e+10,1.0009858048e+10,1.0011599872e+10,1.0012984619e+03,1.0009858398e+03,1.0011599731e+03,-1.6333844978e-03,1.0728733469e-04,-1.2601640774e-03
905,1.0010551296e+10,1.3710135071e+06,1.0000457991e+01,5.9479260488e-05,1.0010551351e+03,1.3712975923e-01,-2.7825637759e-04,6.8815285000e-04,1.0010474496e+10,1.0008911872e+10,1.0012267520e+10,1.0010474243e+03,1.0008911743e+03,1.0012268066e+03,-2.1079278667e-04,5.2879599389e-04,-1.1527723400e-03
910,1.0007376555e+10,3.8488464845e+06,1.0000320209e+01,1.6704493652e-04,1.0007376302e+03,3.8485712920e-01,-5.4225456552e-05,5.2768006248e-04,1.0011317248e+10,1.0008657920e+10,1.0002154496e+10,1.0011316528e+03,1.0008657837e+03,1.0002154541e+03,-6.0221919557e-04,6.5845868085e-04,-2.1891585493e-04
915,9.9869242027e+09,3.2482984194e+07,9.9994294530e+00,1.4141925881e-03,9.9869238281e+02,3.2483023021e+00,1.2159365967e-04,3.5693591015e-04,1.0008908800e+10,9.9410001920e+09,1.0010863616e+10,1.0008908691e+03,9.9409997559e+02,1.0010863037e+03,2.2692597122e-04,4.9645960098e-04,-3.5860459320e-04
920,1.0009728683e+10,2.9641006575e+06,1.0000422287e+01,1.2859119150e-04,1.0009728800e+03,2.9643056183e-01,-1.7136419774e-04,1.2673717561e-03,1.0007974912e+10,1.0013902848e+10,1.0007308288e+10,1.0007975464e+03,1.0013903198e+03,1.0007307739e+03,1.0063451482e-03,-1.9303031731e-03,4.0986543172e-04
925,1.0009334443e+10,1.0794534855e+06,1.0000405198e+01,4.6836132869e-05,1.0009334920e+03,1.0793157320e-01,3.1684470984e-04,5.6048039221e-04,1.0008044544e+10,1.0010686464e+10,1.0009272320e+10,1.0008045044e+03,1.0010686646e+03,1.0009273071e+03,9.7368599381e-04,-3.9579859003e-04,3.7264672574e-04
930,9.9633920000e+09,6.5500043838e+07,9.9983978034e+00,2.8617774301e-03,9.9633917236e+02,6.5500338670e+00,-9.1338219742e-05,4.7735915825e-04,1.0010549248e+10,9.8707660800e+09,1.0008860672e+10,1.0010548706e+03,9.8707653809e+02,1.0008861084e+03,-2.6456610067e-04,-5.6979217334e-04,5.6034361478e-04
935,1.0008250027e+10,1.2009144787e+06,1.0000358143e+01,5.2110238006e-05,1.0008250122e+03,1.2010417134e-01,8.9908906133e-04,6.1727652594e-04,1.0009914368e+10,1.0007124992e+10,1.0007710720e+10,1.0009914551e+03,1.0007124634e+03,1.0007711182e+03,4.6353168727e-05,1.4872488100e-03,1.1636652052e-03
940,1.0008939179e+10,3.0156756923e+06,1.0000388030e+01,1.3086304285e-04,1.0008939209e+03,3.0156903087e-01,-3.2466483147e-04,5.5371106440e-04,1.0004782080e+10,1.0011842560e+10,1.0010192896e+10,1.0004782104e+03,1.0011842651e+03,1.0010192871e+03,2.1372409537e-04,-1.0862990748e-03,-1.0141951498e-04
945,1.0007300779e+10,2.5235218175e+06,1.0000316939e+01,1.0950949755e-04,1.0007300822e+03,2.5231785131e-01,4.9326935550e-04,9.4197997718e-04,1.0006562816e+10,1.0010693632e+10,1.0004645888e+10,1.0006562500e+03,1.0010693359e+03,1.0004646606e+03,1.7529038014e-03,-5.1202118630e-04,2.3892545141e-04
950,1.0008920747e+10,2.6340340586e+06,1.0000387235e+01,1.1429621333e-04,1.0008920492e+03,2.6344565275e-01,-7.0224108640e-05,6.2067638563e-04,1.0011917312e+10,1.0009338880e+10,1.0005506048e+10,1.0011917725e+03,1.0009338379e+03,1.0005505371e+03,-9.4795151381e-04,3.7603656529e-04,3.6124262260e-04
955,1.0010887509e+10,3.1023463508e+05,1.0000472581e+01,1.3458520858e-05,1.0010887858e+03,3.1016804256e-02,-4.3914951190e-04,1.3058496238e-04,1.0010645504e+10,1.0010691584e+10,1.0011325440e+10,1.0010645752e+03,1.0010692139e+03,1.0011325684e+03,-3.3071986400e-04,-3.6390041350e-04,-6.2282825820e-04
960,1.0009767595e+10,1.1468081755e+06,1.0000423991e+01,4.9754850379e-05,1.0009767660e+03,1.1468825089e-01,-2.7992403678e-04,6.2629920026e-04,1.0009186304e+10,1.0011369472e+10,1.0008747008e+10,1.0009186401e+03,1.0011369629e+03,1.0008746948e+03,-7.9335732153e-04,-6.4823997673e-04,6.0182518791e-04
965,1.0008668160e+10,1.6695071486e+06,1.0000376284e+01,7.2443656251e-05,1.0008668213e+03,1.6698017040e-01,4.8235350793e-04,6.6692148685e-04,1.0010647552e+10,1.0006563840e+10,1.0008793088e+10,1.0010648193e+03,1.0006563721e+03,1.0008792725e+03,-3.4177562338e-04,1.2916394044e-03,4.9719674280e-04
970,1.0009002667e+10,1.7790369301e+06,1.0000390798e+01,7.7189439228e-05,1.0009002482e+03,1.7790714944e-01,3.5937273060e-04,8.5173360880e-04,1.0011447296e+10,1.0007265280e+10,1.0008295424e+10,1.0011447144e+03,1.0007265015e+03,1.0008295288e+03,-6.8734714296e-04,1.3989286963e-03,3.6653663847e-04
975,9.9831917227e+09,3.3864696443e+07,9.9992669089e+00,1.4749688783e-03,9.9831921387e+02,3.3864748459e+00,1.2861768482e-04,9.9719823463e-04,9.9353231360e+09,1.0005831680e+10,1.0008420352e+10,9.9353234863e+02,1.0005831909e+03,1.0008421021e+03,-1.2802196434e-03,8.8771281298e-04,7.7835988486e-04
980,1.0013144064e+10,1.4857081398e+06,1.0000570460e+01,6.4435624536e-05,1.0013143921e+03,1.4855041726e-01,-1.5806819623e-03,7.5814885061e-04,1.0015229952e+10,1.0012319744e+10,1.0011882496e+10,1.0015229492e+03,1.0012319946e+03,1.0011882324e+03,-2.6436061598e-03,-1.1709927348e-03,-9.2744699214e-04
985,1.0009236139e+10,2.8261263848e+06,1.0000400918e+01,1.2262824162e-04,1.0009236450e+03,2.8259747078e-01,-3.0524504837e-04,6.2638263868e-04,1.0012428288e+10,1.0009722880e+10,1.0005557248e+10,1.0012428589e+03,1.0009722900e+03,1.0005557861e+03,-1.1910633184e-03,1.3243824651e-04,1.4288992679e-04
990,9.9999795200e+09,1.1781210058e+07,9.9999988090e+00,5.1185525451e-04,9.9999790446e+02,1.1781118687e+00,5.8927127005e-04,7.4267439550e-04,1.0006733824e+10,9.9834122240e+09,1.0009792512e+10,1.0006733398e+03,9.9834118652e+02,1.0009791870e+03,1.5694664326e-03,4.2591665988e-04,-2.2756928229e-04
995,1.0011165696e+10,2.1413367049e+06,1.0000484640e+01,9.2889233754e-05,1.0011165365e+03,2.1413115223e-01,-5.9018060953e-04,1.0724497140e-03,1.0010537984e+10,1.0014045184e+10,1.0008913920e+10,1.0010537720e+03,1.0014044800e+03,1.0008913574e+03,-3.0337204225e-04,-2.0233632531e-03,5.5619346676e-04
1000,1.0012618069e+10,2.4211599343e+06,1.0000547638e+01,1.0502066678e-04,1.0012618205e+03,2.4212923853e-01,-1.2952219792e-03,1.2218340199e-03,1.0015326208e+10,1.0013078528e+10,1.0009449472e+10,1.0015326538e+03,1.0013078613e+03,1.0009449463e+03,-2.6569196489e-03,-1.5355963260e-03,3.0685003730e-04
