step,loss_mean,loss_std,log10_loss_mean,log10_loss_std,replica_1,replica_2,replica_3,replica_4,replica_5
1,9.9536650181e-01,4.5460590067e-03,-2.0215161214e-03,1.9859440000e-03,9.8835164309e-01,9.9952393770e-01,9.9918812513e-01,9.9158507586e-01,9.9818372726e-01
2,9.9456481934e-01,4.5320231528e-03,-2.3714234144e-03,1.9814228712e-03,9.8759251833e-01,9.9859440327e-01,9.9833083153e-01,9.9073821306e-01,9.9756813049e-01
3,9.9064370394e-01,4.4879231789e-03,-4.0869802230e-03,1.9698933035e-03,9.8378455639e-01,9.9447488785e-01,9.9427980185e-01,9.8676365614e-01,9.9391561747e-01
4,9.8045544624e-01,4.3797006632e-03,-8.5764762095e-03,1.9421800780e-03,9.7392898798e-01,9.8373478651e-01,9.8380094767e-01,9.7644627094e-01,9.8436623812e-01
5,9.5578414202e-01,4.2351388824e-03,-1.9644445425e-02,1.9252300470e-03,9.5015841722e-01,9.5765668154e-01,9.5840883255e-01,9.5150065422e-01,9.6119612455e-01
6,9.0047456026e-01,4.8861001943e-03,-4.5534923664e-02,2.3504773925e-03,8.9700895548e-01,8.9901936054e-01,9.0133416653e-01,8.9556771517e-01,9.0944260359e-01
7,8.0011994839e-01,8.7096397697e-03,-9.6870407505e-02,4.6964991213e-03,7.9999685287e-01,7.9312705994e-01,7.9682379961e-01,7.9380857944e-01,8.1684345007e-01
8,6.8027733564e-01,1.4243222541e-02,-1.6740762242e-01,8.9804198697e-03,6.8137633801e-01,6.7009133101e-01,6.7036414146e-01,6.7202061415e-01,7.0753425360e-01
9,5.9637043476e-01,1.6397680666e-02,-2.2464436181e-01,1.1738668706e-02,5.9544497728e-01,5.8772480488e-01,5.8293950558e-01,5.8757513762e-01,6.2816774845e-01
10,5.2235730886e-01,1.5235287399e-02,-2.8221273391e-01,1.2444160651e-02,5.2259445190e-01,5.1210820675e-01,5.1106047630e-01,5.1429247856e-01,5.5173093081e-01
11,4.6622321010e-01,1.3548994915e-02,-3.3158579352e-01,1.2429153497e-02,4.6843072772e-01,4.5471224189e-01,4.5994597673e-01,4.5641073585e-01,4.9161636829e-01
12,4.5381683111e-01,1.2545134860e-02,-3.4328287372e-01,1.1871606477e-02,4.5613425970e-01,4.4218385220e-01,4.5206665993e-01,4.4229218364e-01,4.7640720010e-01
13,4.4515362978e-01,1.2738062417e-02,-3.5166560447e-01,1.2307799473e-02,4.4808509946e-01,4.3152081966e-01,4.4424504042e-01,4.3439623713e-01,4.6752095222e-01
14,4.2101609707e-01,1.3762896183e-02,-3.7593026571e-01,1.4055747695e-02,4.2519670725e-01,4.0491232276e-01,4.1870972514e-01,4.1134220362e-01,4.4491952658e-01
15,3.8659686446e-01,1.4677893496e-02,-4.1304998711e-01,1.6303348751e-02,3.9184880257e-01,3.6913743615e-01,3.8259303570e-01,3.7742024660e-01,4.1198480129e-01
16,3.5332319736e-01,1.4908498593e-02,-4.5220800180e-01,1.8095664064e-02,3.5900062323e-01,3.3571743965e-01,3.4862226248e-01,3.4419140220e-01,3.7908425927e-01
17,3.2982290983e-01,1.4490327942e-02,-4.8213106424e-01,1.8832884427e-02,3.3554932475e-01,3.1301251054e-01,3.2559162378e-01,3.2017037272e-01,3.5479071736e-01
18,3.1766899824e-01,1.3852331389e-02,-4.9843113549e-01,1.8699425843e-02,3.2328274846e-01,3.0198323727e-01,3.1432917714e-01,3.0733400583e-01,3.4141582251e-01
19,3.1382631660e-01,1.3197140544e-02,-5.0368910261e-01,1.8065613138e-02,3.1949809194e-01,2.9896539450e-01,3.1161850691e-01,3.0297204852e-01,3.3607754111e-01
20,3.1373561621e-01,1.2841804402e-02,-5.0379589905e-01,1.7626873755e-02,3.1983402371e-01,2.9892459512e-01,3.1245008111e-01,3.0266657472e-01,3.3480280638e-01
21,3.1193672419e-01,1.3026140764e-02,-5.0630822146e-01,1.7994667911e-02,3.1855022907e-01,2.9649156332e-01,3.1048074365e-01,3.0109503865e-01,3.3306604624e-01
22,3.0541384220e-01,1.3428089572e-02,-5.1552600026e-01,1.8922675670e-02,3.1247115135e-01,2.8946188092e-01,3.0279728770e-01,2.9497998953e-01,3.2735890150e-01
23,2.9566283226e-01,1.3744035600e-02,-5.2966584756e-01,1.9973927399e-02,3.0292659998e-01,2.7947178483e-01,2.9187586904e-01,2.8567349911e-01,3.1836640835e-01
24,2.8585208654e-01,1.3748669366e-02,-5.4435350443e-01,2.0655722955e-02,2.9331016541e-01,2.6975437999e-01,2.8168889880e-01,2.7595806122e-01,3.0854892731e-01
25,2.7895396948e-01,1.3572750406e-02,-5.5497408731e-01,2.0901767470e-02,2.8644740582e-01,2.6310166717e-01,2.7514293790e-01,2.6883593202e-01,3.0124190450e-01
26,2.7563593984e-01,1.3265051842e-02,-5.6016027548e-01,2.0688655341e-02,2.8311470151e-01,2.6025488973e-01,2.7242144942e-01,2.6514479518e-01,2.9724386334e-01
27,2.7506194115e-01,1.2945064385e-02,-5.6104421300e-01,2.0240303247e-02,2.8236994147e-01,2.6016876101e-01,2.7222576737e-01,2.6445627213e-01,2.9608896375e-01
28,2.7521358132e-01,1.2766765050e-02,-5.6079153775e-01,1.9956375278e-02,2.8231164813e-01,2.6035535336e-01,2.7254515886e-01,2.6489880681e-01,2.9595693946e-01
29,2.7450377345e-01,1.2795616377e-02,-5.6191757942e-01,2.0053658539e-02,2.8148302436e-01,2.5931933522e-01,2.7174410224e-01,2.6462990046e-01,2.9534250498e-01
30,2.7246856093e-01,1.2993363127e-02,-5.6517083674e-01,2.0503800995e-02,2.7946889400e-01,2.5697141886e-01,2.6931157708e-01,2.6285040379e-01,2.9374051094e-01
31,2.6963320971e-01,1.3082123427e-02,-5.6973023488e-01,2.0837876428e-02,2.7676698565e-01,2.5433525443e-01,2.6580408216e-01,2.6007014513e-01,2.9118958116e-01
32,2.6694262028e-01,1.3057461406e-02,-5.7409341897e-01,2.0991335828e-02,2.7404183149e-01,2.5190228224e-01,2.6271972060e-01,2.5746729970e-01,2.8858196735e-01
33,2.6494691074e-01,1.2947318489e-02,-5.7735170129e-01,2.0977552270e-02,2.7206683159e-01,2.4998895824e-01,2.6088675857e-01,2.5546124578e-01,2.8633075953e-01
34,2.6400355101e-01,1.2886554132e-02,-5.7890003913e-01,2.0966317114e-02,2.7104565501e-01,2.4895745516e-01,2.6041060686e-01,2.5440418720e-01,2.8519985080e-01
35,2.6367329955e-01,1.2831126280e-02,-5.7944060332e-01,2.0904016404e-02,2.7079677582e-01,2.4888822436e-01,2.6023316383e-01,2.5372597575e-01,2.8472235799e-01
36,2.6359250247e-01,1.2753288251e-02,-5.7956738552e-01,2.0768086242e-02,2.7052092552e-01,2.4917028844e-01,2.5996020436e-01,2.5362911820e-01,2.8468197584e-01
37,2.6307757795e-01,1.2733302048e-02,-5.8041673584e-01,2.0768225056e-02,2.6979452372e-01,2.4864356220e-01,2.5935783982e-01,2.5333651900e-01,2.8425544500e-01
38,2.6222513020e-01,1.2749979553e-02,-5.8183088775e-01,2.0864626335e-02,2.6869058609e-01,2.4748380482e-01,2.5864964724e-01,2.5280985236e-01,2.8349176049e-01
39,2.6118582487e-01,1.2795382422e-02,-5.8356318943e-01,2.1020237544e-02,2.6758956909e-01,2.4636846781e-01,2.5767859817e-01,2.5174018741e-01,2.8255230188e-01
40,2.6035523713e-01,1.2698673615e-02,-5.8494151747e-01,2.0913440090e-02,2.6682907343e-01,2.4609161913e-01,2.5654414296e-01,2.5067818165e-01,2.8163316846e-01
41,2.5983239114e-01,1.2593747748e-02,-5.8580790302e-01,2.0773078165e-02,2.6618441939e-01,2.4587734044e-01,2.5588014722e-01,2.5019025803e-01,2.8102979064e-01
42,2.5945577919e-01,1.2518467438e-02,-5.8643364881e-01,2.0689536863e-02,2.6581603289e-01,2.4540337920e-01,2.5569212437e-01,2.4992172420e-01,2.8044563532e-01
43,2.5926979780e-01,1.2512746193e-02,-5.8674571953e-01,2.0707331193e-02,2.6545771956e-01,2.4487775564e-01,2.5591221452e-01,2.4989622831e-01,2.8020507097e-01
44,2.5902712345e-01,1.2513515791e-02,-5.8715318450e-01,2.0721170459e-02,2.6531383395e-01,2.4491693079e-01,2.5556400418e-01,2.4936302006e-01,2.7997782826e-01
45,2.5884155631e-01,1.2453567004e-02,-5.8745976737e-01,2.0617767170e-02,2.6495349407e-01,2.4514682591e-01,2.5510248542e-01,2.4913235009e-01,2.7987262607e-01
46,2.5842322707e-01,1.2475007949e-02,-5.8816536746e-01,2.0681605421e-02,2.6445198059e-01,2.4466499686e-01,2.5459069014e-01,2.4885877967e-01,2.7954968810e-01
47,2.5798190534e-01,1.2493214101e-02,-5.8891119333e-01,2.0758850367e-02,2.6390165091e-01,2.4379508197e-01,2.5441372395e-01,2.4871197343e-01,2.7908709645e-01
48,2.5758043826e-01,1.2499723009e-02,-5.8958979927e-01,2.0806838126e-02,2.6349210739e-01,2.4330635369e-01,2.5416618586e-01,2.4827805161e-01,2.7865949273e-01
49,2.5737838149e-01,1.2412048826e-02,-5.8992396350e-01,2.0664417543e-02,2.6341587305e-01,2.4370706081e-01,2.5367438793e-01,2.4773478508e-01,2.7835980058e-01
50,2.5728429854e-01,1.2336775413e-02,-5.9007682061e-01,2.0537593009e-02,2.6317194104e-01,2.4385541677e-01,2.5347301364e-01,2.4767960608e-01,2.7824151516e-01
51,2.5708164573e-01,1.2359669339e-02,-5.9042189743e-01,2.0600413405e-02,2.6302295923e-01,2.4338710308e-01,2.5335967541e-01,2.4763250351e-01,2.7800598741e-01
52,2.5692715943e-01,1.2378615922e-02,-5.9068544503e-01,2.0656608467e-02,2.6269114017e-01,2.4277766049e-01,2.5354456902e-01,2.4777737260e-01,2.7784505486e-01
53,2.5671403408e-01,1.2353917311e-02,-5.9104451244e-01,2.0626700126e-02,2.6262772083e-01,2.4288895726e-01,2.5317719579e-01,2.4728968740e-01,2.7758660913e-01
54,2.5663394034e-01,1.2292154608e-02,-5.9117487685e-01,2.0513137428e-02,2.6241537929e-01,2.4326699972e-01,2.5287884474e-01,2.4705661833e-01,2.7755185962e-01
55,2.5639091730e-01,1.2289767615e-02,-5.9158704555e-01,2.0527840032e-02,2.6215505600e-01,2.4297234416e-01,2.5258350372e-01,2.4692767859e-01,2.7731600404e-01
56,2.5618291497e-01,1.2349054087e-02,-5.9194544754e-01,2.0655957054e-02,2.6191547513e-01,2.4227960408e-01,2.5260162354e-01,2.4698494375e-01,2.7713292837e-01
57,2.5605499446e-01,1.2331655200e-02,-5.9216165088e-01,2.0643262356e-02,2.6176318526e-01,2.4203661084e-01,2.5260287523e-01,2.4693353474e-01,2.7693876624e-01
58,2.5601092279e-01,1.2269027970e-02,-5.9223118986e-01,2.0530047617e-02,2.6188033819e-01,2.4257448316e-01,2.5227448344e-01,2.4650000036e-01,2.7682530880e-01
59,2.5604548752e-01,1.2334944752e-02,-5.9217710475e-01,2.0618904576e-02,2.6165288687e-01,2.4274218082e-01,2.5218066573e-01,2.4648682773e-01,2.7716487646e-01
60,2.5583064854e-01,1.2408360442e-02,-5.9254860686e-01,2.0765526689e-02,2.6152414083e-01,2.4222458899e-01,2.5200349092e-01,2.4639138579e-01,2.7700963616e-01
61,2.5621735156e-01,1.3262066871e-02,-5.9196031536e-01,2.2104647083e-02,2.6124638319e-01,2.4166651070e-01,2.5220686197e-01,2.4663192034e-01,2.7933508158e-01
62,2.5700195134e-01,1.4768448270e-02,-5.9075943696e-01,2.4401848472e-02,2.6131379604e-01,2.4188682437e-01,2.5193732977e-01,2.4633575976e-01,2.8353604674e-01
63,2.5871233940e-01,1.7899025285e-02,-5.8817690830e-01,2.9058156179e-02,2.6121941209e-01,2.4232354760e-01,2.5176391006e-01,2.4608647823e-01,2.9216834903e-01
64,2.6112566292e-01,2.2802732188e-02,-5.8470413680e-01,3.6152507808e-02,2.6104030013e-01,2.4207875133e-01,2.5157371163e-01,2.4601952732e-01,3.0491602421e-01
65,2.6586712301e-01,3.2383756995e-02,-5.7826416802e-01,4.9234049153e-02,2.6089245081e-01,2.4147085845e-01,2.5161421299e-01,2.4603202939e-01,3.2932606339e-01
66,2.6498625278e-01,3.0597907627e-02,-5.7942353862e-01,4.6872758969e-02,2.6081603765e-01,2.4133354425e-01,2.5174057484e-01,2.4624234438e-01,3.2479876280e-01
67,2.6332475543e-01,2.7357857302e-02,-5.8167312510e-01,4.2501931248e-02,2.6097530127e-01,2.4185638130e-01,2.5141850114e-01,2.4585984647e-01,3.1651374698e-01
68,2.6415821314e-01,2.9060560138e-02,-5.8054862851e-01,4.4800142521e-02,2.6075047255e-01,2.4196632206e-01,2.5137215853e-01,2.4581257999e-01,3.2088953257e-01
69,2.6416977346e-01,2.9588534996e-02,-5.8061447071e-01,4.5565229136e-02,2.6064613461e-01,2.4146184325e-01,2.5115582347e-01,2.4564890563e-01,3.2193616033e-01
70,2.7052336335e-01,4.2141813007e-02,-5.7245330014e-01,6.1635337685e-02,2.6045566797e-01,2.4101629853e-01,2.5144407153e-01,2.4588990211e-01,3.5381087661e-01
71,3.2788221836e-01,1.5638898130e-01,-5.2084337601e-01,1.6402302915e-01,2.6059994102e-01,2.4130593240e-01,2.5126147270e-01,2.4584780633e-01,6.4039593935e-01
72,3.5034967661e-01,2.0135095076e-01,-5.0682846130e-01,1.9208168550e-01,2.6054990292e-01,2.4169370532e-01,2.5109419227e-01,2.4555861950e-01,7.5285196304e-01
73,3.5536548495e-01,2.1169109067e-01,-5.0413080403e-01,1.9801542485e-01,2.6038962603e-01,2.4143953621e-01,2.5093749166e-01,2.4550358951e-01,7.7855718136e-01
74,3.6011659801e-01,2.2155816544e-01,-5.0170114287e-01,2.0352853183e-01,2.6028159261e-01,2.4090760946e-01,2.5095239282e-01,2.4539713562e-01,8.0304425955e-01
75,3.7616269290e-01,2.5335692248e-01,-4.9328833081e-01,2.1983704210e-01,2.6025474072e-01,2.4086107314e-01,2.5122514367e-01,2.4575960636e-01,8.8271290064e-01
76,4.1402315497e-01,3.2904958577e-01,-4.7640494985e-01,2.5354033847e-01,2.6041984558e-01,2.4133479595e-01,2.5087884068e-01,2.4548393488e-01,1.0719983578e+00
77,4.8648808599e-01,4.7411142114e-01,-4.5119869987e-01,3.0416518623e-01,2.6020514965e-01,2.4137650430e-01,2.5085151196e-01,2.4538044631e-01,1.4346268177e+00
78,5.2746191621e-01,5.5656066559e-01,-4.3990877071e-01,3.2763268247e-01,2.6012545824e-01,2.4091075361e-01,2.5059324503e-01,2.4517099559e-01,1.6405091286e+00
79,8.4686713517e-01,1.1953140947e+00,-3.8083955081e-01,4.4566299442e-01,2.6000437140e-01,2.4058192968e-01,2.5094139576e-01,2.4534760416e-01,3.2374603748e+00
80,1.1074457973e+00,1.7161703118e+00,-3.5126506607e-01,5.0427127575e-01,2.6017141342e-01,2.4091434479e-01,2.5086760521e-01,2.4551312625e-01,4.5397624969e+00
81,1.7174059150e+01,3.3849517345e+01,-9.7006360958e-02,1.0129476604e+00,2.6012346148e-01,2.4121291935e-01,2.5064224005e-01,2.4522447586e-01,8.4873092651e+01
82,2.6017901659e+01,5.1537527834e+01,-6.0808006133e-02,1.0859112098e+00,2.5996136665e-01,2.4093599617e-01,2.5051271915e-01,2.4514167011e-01,1.2909295654e+02
83,4.0605010840e+01,8.0712135648e+01,-2.2182924396e-02,1.1638528729e+00,2.5989195704e-01,2.4048140645e-01,2.5045984983e-01,2.4493937194e-01,2.0202928162e+02
84,5.1959918064e+01,1.0342151517e+02,-3.6668139791e-04,1.2067196117e+00,2.5989422202e-01,2.4052570760e-01,2.5086426735e-01,2.4535812438e-01,2.5880294800e+02
85,5.7482497984e+01,1.1446663693e+02,8.4682530787e-03,1.2243142010e+00,2.6005116105e-01,2.4095091224e-01,2.5050568581e-01,2.4521067739e-01,2.8641577148e+02
86,5.7490603986e+01,1.1448307648e+02,8.3239644115e-03,1.2244167239e+00,2.5983718038e-01,2.4091427028e-01,2.5044691563e-01,2.4506497383e-01,2.8645675659e+02
87,5.7497626227e+01,1.1449763177e+02,7.9733271323e-03,1.2246212335e+00,2.5977888703e-01,2.4048589170e-01,2.5016060472e-01,2.4481634796e-01,2.8649288940e+02
88,5.7513698643e+01,1.1452972618e+02,8.0310501648e-03,1.2246538667e+00,2.5970718265e-01,2.4025733769e-01,2.5046151876e-01,2.4491654336e-01,2.8657315063e+02
89,5.7580190000e+01,1.1466228250e+02,8.4330286953e-03,1.2247025803e+00,2.5986123085e-01,2.4062947929e-01,2.5048279762e-01,2.4522185326e-01,2.8690475464e+02
90,5.7587415382e+01,1.1467694983e+02,8.2954490541e-03,1.2247981406e+00,2.5980699062e-01,2.4083104730e-01,2.5014886260e-01,2.4497531354e-01,2.8694131470e+02
91,5.7592252219e+01,1.1468696733e+02,8.0613134973e-03,1.2249346174e+00,2.5963932276e-01,2.4052822590e-01,2.5005260110e-01,2.4485442042e-01,2.8696618652e+02
92,5.7599829042e+01,1.1470255759e+02,7.7625275801e-03,1.2251152671e+00,2.5961726904e-01,2.4014338851e-01,2.4985677004e-01,2.4458393455e-01,2.8700494385e+02
93,5.7609491676e+01,1.1472162153e+02,7.9633470601e-03,1.2250496924e+00,2.5962674618e-01,2.4027262628e-01,2.4982525408e-01,2.4499937892e-01,2.8705273438e+02
94,5.7637801021e+01,1.1477820660e+02,8.0325522935e-03,1.2251210106e+00,2.5976756215e-01,2.4065664411e-01,2.4939335883e-01,2.4497367442e-01,2.8719421387e+02
95,5.7665037933e+01,1.1483313062e+02,7.7608143602e-03,1.2253599814e+00,2.5954577327e-01,2.4053581059e-01,2.4899138510e-01,2.4481786788e-01,2.8733129883e+02
96,5.7676562047e+01,1.1485739787e+02,6.9201557433e-03,1.2258275351e+00,2.5951239467e-01,2.4014067650e-01,2.4726380408e-01,2.4453593791e-01,2.8739135742e+02
97,5.7690880659e+01,1.1488714958e+02,6.1555474198e-03,1.2262672429e+00,2.5947609544e-01,2.3999130726e-01,2.4519176781e-01,2.4456468225e-01,2.8746517944e+02
98,5.7699500877e+01,1.1490624648e+02,4.8393890855e-03,1.2269689067e+00,2.5960579515e-01,2.4040293694e-01,2.4055141211e-01,2.4495083094e-01,2.8751199341e+02
99,5.7708408454e+01,1.1492701555e+02,2.6989946189e-03,1.2281006922e+00,2.5954219699e-01,2.4051044881e-01,2.3478573561e-01,2.4476492405e-01,2.8756243896e+02
100,5.7740598854e+01,1.1499498116e+02,7.4277417522e-05,1.2295838750e+00,2.5937259197e-01,2.4018570781e-01,2.2826051712e-01,2.4461515248e-01,2.8773056030e+02
101,5.7899663293e+01,1.1531617541e+02,-2.0295876132e-03,1.2312927931e+00,2.5939789414e-01,2.3985825479e-01,2.2275245190e-01,2.4429492652e-01,2.8853201294e+02
102,5.7924518162e+01,1.1535922863e+02,3.0392639584e-03,1.2287413580e+00,2.5940024853e-01,2.4005877972e-01,2.3548431695e-01,2.4467261136e-01,2.8864297485e+02
103,5.7928497246e+01,1.1536938518e+02,1.3976035535e-03,1.2296110825e+00,2.5952371955e-01,2.4040724337e-01,2.3053711653e-01,2.4475130439e-01,2.8866726685e+02
104,5.7947804803e+01,1.1540178443e+02,5.9893448244e-03,1.2273200062e+00,2.5928935409e-01,2.4020791054e-01,2.4354335666e-01,2.4461010098e-01,2.8875137329e+02
105,5.8001258400e+01,1.1550696986e+02,7.2830510851e-03,1.2268698565e+00,2.5928694010e-01,2.3984473944e-01,2.4766679108e-01,2.4429577589e-01,2.8901519775e+02
106,5.8027482933e+01,1.1551801671e+02,3.2340034073e-02,1.2153513803e+00,2.5927126408e-01,2.3975361884e-01,3.3061769605e-01,2.4426500499e-01,2.8906350708e+02
107,5.8146016127e+01,1.1546751014e+02,1.2018654880e-01,1.1905662671e+00,2.5937739015e-01,2.4019841850e-01,9.0535247326e-01,2.4467749894e-01,2.8908047485e+02
108,5.8827734938e+01,1.1516294059e+02,2.5470337266e-01,1.2025278356e+00,2.5930118561e-01,2.4022172391e-01,4.2619576454e+00,2.4456474185e-01,2.8913262939e+02
109,5.9061459786e+01,1.1509605939e+02,2.7414830482e-01,1.2094979268e+00,2.5913771987e-01,2.3988437653e-01,5.3441495895e+00,2.4440068007e-01,2.8921972656e+02
110,8.1255957463e+01,1.1337391284e+02,5.4135728680e-01,1.4114436054e+00,2.5920128822e-01,2.3960202932e-01,1.1602004242e+02,2.4403484166e-01,2.8951690674e+02
111,8.2384400073e+01,1.1374455622e+02,5.4568328303e-01,1.4157386881e+00,2.5918880105e-01,2.3985737562e-01,1.2165191650e+02,2.4436531961e-01,2.8952667236e+02
112,1.3168503414e+02,1.6288338211e+02,6.4207182321e-01,1.5287066616e+00,2.5929474831e-01,2.4017401040e-01,3.6812969971e+02,2.4451906979e-01,2.8955148315e+02
113,1.5250419376e+02,1.9521055480e+02,6.6349370531e-01,1.5564692784e+00,2.5905275345e-01,2.3991088569e-01,4.7218698120e+02,2.4441726506e-01,2.8959060669e+02
114,1.6353481308e+02,2.1364272485e+02,6.7285965066e-01,1.5691301589e+00,2.5908306241e-01,2.3957900703e-01,5.2730517578e+02,2.4406789243e-01,2.8962615967e+02
115,1.6724441563e+02,2.1996325669e+02,6.7582934957e-01,1.5731175534e+00,2.5907456875e-01,2.3952849209e-01,5.4572308350e+02,2.4398291111e-01,2.8975640869e+02
116,1.9111981911e+02,2.6209435750e+02,6.9339957081e-01,1.5956095818e+00,2.5915652514e-01,2.3999544978e-01,6.6481298828e+02,2.4438326061e-01,2.9004257202e+02
117,1.9137240445e+02,2.6254933304e+02,6.9350811064e-01,1.5958770825e+00,2.5907054543e-01,2.3994718492e-01,6.6607012939e+02,2.4435219169e-01,2.9004852295e+02
118,1.9364882071e+02,2.6667075988e+02,6.9475429716e-01,1.5980293014e+00,2.5892251730e-01,2.3960900307e-01,6.7744653320e+02,2.4419872463e-01,2.9005484009e+02
119,1.9958778559e+02,2.7748755429e+02,6.9827257704e-01,1.6031941777e+00,2.5901171565e-01,2.3936042190e-01,7.0713165283e+02,2.4377846718e-01,2.9006512451e+02
120,2.1559086720e+02,3.0702903624e+02,7.0778189234e-01,1.6155864987e+00,2.5897821784e-01,2.3965534568e-01,7.8714013672e+02,2.4406301975e-01,2.9007150269e+02
121,2.1582467118e+02,3.0746258853e+02,7.0811184356e-01,1.6155981215e+00,2.5906744599e-01,2.3993994296e-01,7.8830413818e+02,2.4425208569e-01,2.9007595825e+02
122,2.3373056195e+02,3.4105378256e+02,7.1725345853e-01,1.6284776946e+00,2.5883144140e-01,2.3963242769e-01,8.7783520508e+02,2.4422015250e-01,2.9007492065e+02
123,2.3383731708e+02,3.4125529103e+02,7.1708346751e-01,1.6287332099e+00,2.5889068842e-01,2.3933061957e-01,8.7836834717e+02,2.4384503067e-01,2.9007617188e+02
124,2.3389018563e+02,3.4135397764e+02,7.1704505392e-01,1.6288229420e+00,2.5887760520e-01,2.3930783570e-01,8.7862921143e+02,2.4369728565e-01,2.9007983398e+02
125,2.3387424636e+02,3.4132154616e+02,7.1736086433e-01,1.6285489966e+00,2.5893172622e-01,2.3978325725e-01,8.7854321289e+02,2.4406833947e-01,2.9008523560e+02
126,2.3396731314e+02,3.4149200894e+02,7.1735739803e-01,1.6286575104e+00,2.5884756446e-01,2.3967625201e-01,8.7899304199e+02,2.4410878122e-01,2.9010089111e+02
127,2.3466524874e+02,3.4280091802e+02,7.1750973505e-01,1.6292948662e+00,2.5872188807e-01,2.3934948444e-01,8.8245440674e+02,2.4400484562e-01,2.9012976074e+02
128,2.3493885809e+02,3.4330795039e+02,7.1743097319e-01,1.6296646381e+00,2.5882327557e-01,2.3912495375e-01,8.8379309082e+02,2.4352239072e-01,2.9015972900e+02
129,2.3494886908e+02,3.4330905559e+02,7.1762569389e-01,1.6295331568e+00,2.5876152515e-01,2.3944684863e-01,8.8379187012e+02,2.4375666678e-01,2.9021051025e+02
130,2.3494695131e+02,3.4330454467e+02,7.1780759478e-01,1.6293830656e+00,2.5883829594e-01,2.3969478905e-01,8.8377996826e+02,2.4394440651e-01,2.9021231079e+02
131,2.3504128169e+02,3.4348254276e+02,7.1768359447e-01,1.6295856416e+00,2.5862482190e-01,2.3936432600e-01,8.8425054932e+02,2.4400281906e-01,2.9021386719e+02
132,2.3563500461e+02,3.4460447322e+02,7.1777125639e-01,1.6301517940e+00,2.5870487094e-01,2.3909048736e-01,8.8721752930e+02,2.4363395572e-01,2.9021606445e+02
133,2.3562601723e+02,3.4458680964e+02,7.1767551046e-01,1.6302210820e+00,2.5867551565e-01,2.3908817768e-01,8.8717053223e+02,2.4340645969e-01,2.9021838379e+02
134,2.3565282511e+02,3.4463479758e+02,7.1798835912e-01,1.6299957263e+00,2.5869986415e-01,2.3955680430e-01,8.8729718018e+02,2.4374361336e-01,2.9022494507e+02
135,2.3564600982e+02,3.4461568164e+02,7.1793888387e-01,1.6300351591e+00,2.5863316655e-01,2.3940302432e-01,8.8724505615e+02,2.4382320046e-01,2.9024313354e+02
136,2.3563718642e+02,3.4458515068e+02,7.1779457948e-01,1.6301578953e+00,2.5853449106e-01,2.3909901083e-01,8.8716076660e+02,2.4381005764e-01,2.9028372192e+02
137,2.3567551597e+02,3.4465037339e+02,7.1758486531e-01,1.6303788295e+00,2.5863236189e-01,2.3889140785e-01,8.8733117676e+02,2.4327628314e-01,2.9030560303e+02
138,2.3566271381e+02,3.4462579694e+02,7.1772979494e-01,1.6302457558e+00,2.5853776932e-01,2.3923031986e-01,8.8726629639e+02,2.4344377220e-01,2.9030606079e+02
139,2.3564540685e+02,3.4459288951e+02,7.1787809726e-01,1.6301060391e+00,2.5860834122e-01,2.3943343759e-01,8.8717944336e+02,2.4361036718e-01,2.9030593872e+02
140,2.3577866476e+02,3.4484514000e+02,7.1781387322e-01,1.6303005782e+00,2.5843408704e-01,2.3910124600e-01,8.8784637451e+02,2.4374987185e-01,2.9030566406e+02
141,2.3580851442e+02,3.4490178340e+02,7.1765709930e-01,1.6304615402e+00,2.5852262974e-01,2.3885239661e-01,8.8799597168e+02,2.4343927205e-01,2.9030578613e+02
142,2.3578198978e+02,3.4485158007e+02,7.1751705474e-01,1.6305475331e+00,2.5846588612e-01,2.3886869848e-01,8.8786303711e+02,2.4311968684e-01,2.9030645752e+02
143,2.3580788295e+02,3.4490024425e+02,7.1779759995e-01,1.6303450828e+00,2.5846391916e-01,2.3931427300e-01,8.8799200439e+02,2.4341878295e-01,2.9030621338e+02
144,2.3579943145e+02,3.4488374450e+02,7.1774224890e-01,1.6303820154e+00,2.5842881203e-01,2.3912502825e-01,8.8794818115e+02,2.4349988997e-01,2.9030792236e+02
145,2.3579394476e+02,3.4487151655e+02,7.1765387547e-01,1.6304504942e+00,2.5836062431e-01,2.3885254562e-01,8.8791528320e+02,2.4359828234e-01,2.9031362915e+02
146,2.3582757632e+02,3.4493418481e+02,7.1743072317e-01,1.6306708130e+00,2.5843438506e-01,2.3865823448e-01,8.8808044434e+02,2.4305339158e-01,2.9031729126e+02
147,2.3686326854e+02,3.4689297904e+02,7.1804760967e-01,1.6312693707e+00,2.5831162930e-01,2.3900617659e-01,8.9325817871e+02,2.4312768877e-01,2.9031771851e+02
148,2.3689316912e+02,3.4694916908e+02,7.1819151474e-01,1.6311838714e+00,2.5838032365e-01,2.3915447295e-01,8.9340673828e+02,2.4327416718e-01,2.9031829834e+02
149,2.3706853960e+02,3.4728096068e+02,7.1818686746e-01,1.6313740535e+00,2.5826141238e-01,2.3883976042e-01,8.9428326416e+02,2.4345450103e-01,2.9031887817e+02
150,2.3969083314e+02,3.5224746512e+02,7.1932367789e-01,1.6332110478e+00,2.5833967328e-01,2.3861208558e-01,9.0739410400e+02,2.4325521290e-01,2.9031985474e+02
151,2.3976079191e+02,3.5237929753e+02,7.1919682314e-01,1.6333884098e+00,2.5825029612e-01,2.3864971101e-01,9.0774145508e+02,2.4285057187e-01,2.9032275391e+02
152,2.3975216570e+02,3.5236236372e+02,7.1942135157e-01,1.6331953770e+00,2.5822991133e-01,2.3905572295e-01,9.0769696045e+02,2.4309611320e-01,2.9032348633e+02
153,2.3974838337e+02,3.5235553505e+02,7.1936673219e-01,1.6332361658e+00,2.5823563337e-01,2.3884187639e-01,9.0767895508e+02,2.4316088855e-01,2.9032272339e+02
154,2.3976796546e+02,3.5239257972e+02,7.1934624333e-01,1.6332737492e+00,2.5819873810e-01,2.3860614002e-01,9.0777661133e+02,2.4335202575e-01,2.9032305908e+02
155,2.3974942824e+02,3.5235670295e+02,7.1910578586e-01,1.6334523464e+00,2.5822499394e-01,2.3842562735e-01,9.0768151855e+02,2.4286119640e-01,2.9032611084e+02
156,2.3975257508e+02,3.5236069834e+02,7.1917433217e-01,1.6334002034e+00,2.5809088349e-01,2.3877565563e-01,9.0769171143e+02,2.4281552434e-01,2.9033148193e+02
157,2.3978125778e+02,3.5241515803e+02,7.1928932837e-01,1.6333362290e+00,2.5815594196e-01,2.3885989189e-01,9.0783551025e+02,2.4295228720e-01,2.9033081055e+02
158,2.3974433087e+02,3.5234522803e+02,7.1921520565e-01,1.6333583767e+00,2.5810688734e-01,2.3857791722e-01,9.0765100098e+02,2.4312752485e-01,2.9033084106e+02
159,2.3977668211e+02,3.5240665139e+02,7.1914581207e-01,1.6334495578e+00,2.5814813375e-01,2.3836734891e-01,9.0781292725e+02,2.4306569993e-01,2.9033090210e+02
160,2.3982978626e+02,3.5250752394e+02,7.1899493971e-01,1.6336277215e+00,2.5803455710e-01,2.3843206465e-01,9.0807879639e+02,2.4261359870e-01,2.9033105469e+02
161,2.3985786647e+02,3.5256045642e+02,7.1918224719e-01,1.6335033322e+00,2.5800219178e-01,2.3878249526e-01,9.0821856689e+02,2.4277348816e-01,2.9033120728e+02
162,2.4003169578e+02,3.5288998208e+02,7.1922135280e-01,1.6336538954e+00,2.5805354118e-01,2.3855465651e-01,9.0908758545e+02,2.4283385277e-01,2.9033145142e+02
163,2.4233668667e+02,3.5726254564e+02,7.2032254383e-01,1.6351497856e+00,2.5804099441e-01,2.3835666478e-01,9.2061096191e+02,2.4306596816e-01,2.9033300781e+02
164,2.4232614189e+02,3.5724061214e+02,7.2011494853e-01,1.6353108038e+00,2.5800371170e-01,2.3819473386e-01,9.2055255127e+02,2.4269580841e-01,2.9033926392e+02
165,2.4233980503e+02,3.5726158494e+02,7.2014620518e-01,1.6353031176e+00,2.5788173079e-01,2.3853988945e-01,9.2060681152e+02,2.4252054095e-01,2.9035327148e+02
166,2.4234445779e+02,3.5726125314e+02,7.2022151413e-01,1.6352558193e+00,2.5793531537e-01,2.3855413496e-01,9.2060418701e+02,2.4264520407e-01,2.9037896729e+02
167,2.4233468015e+02,3.5724269979e+02,7.2019326957e-01,1.6352693878e+00,2.5796416402e-01,2.3831473291e-01,9.2055529785e+02,2.4279567599e-01,2.9037902832e+02
168,2.4234515781e+02,3.5726265399e+02,7.2013909656e-01,1.6353247127e+00,2.5793960690e-01,2.3811854422e-01,9.2060778809e+02,2.4285343289e-01,2.9037908936e+02
169,2.4234399951e+02,3.5726065498e+02,7.1998027520e-01,1.6354525028e+00,2.5782540441e-01,2.3821650445e-01,9.2060235596e+02,2.4241878092e-01,2.9037918091e+02
170,2.4233599083e+02,3.5724530052e+02,7.2007601144e-01,1.6353653040e+00,2.5778028369e-01,2.3849707842e-01,9.2056201172e+02,2.4245364964e-01,2.9037921143e+02
171,2.4234456165e+02,3.5726159979e+02,7.2005733031e-01,1.6353903387e+00,2.5787812471e-01,2.3826561868e-01,9.2060491943e+02,2.4253362417e-01,2.9037921143e+02
172,2.4234609805e+02,3.5726451107e+02,7.2007589492e-01,1.6353770025e+00,2.5787311792e-01,2.3810239136e-01,9.2061260986e+02,2.4275450408e-01,2.9037915039e+02
173,2.4233522401e+02,3.5724410715e+02,7.1991240728e-01,1.6354990312e+00,2.5777497888e-01,2.3796750605e-01,9.2055871582e+02,2.4254187942e-01,2.9037911987e+02
174,2.4234659297e+02,3.5726573317e+02,7.1990753788e-01,1.6355136564e+00,2.5768312812e-01,2.3829974234e-01,9.2061566162e+02,2.4226154387e-01,2.9037905884e+02
175,2.4234664783e+02,3.5726581683e+02,7.1992824540e-01,1.6354970528e+00,2.5771605968e-01,2.3824343085e-01,9.2061590576e+02,2.4234557152e-01,2.9037902832e+02
176,2.4233739869e+02,3.5724819959e+02,7.1993819232e-01,1.6354802999e+00,2.5781869888e-01,2.3805041611e-01,9.2056951904e+02,2.4248541892e-01,2.9037911987e+02
177,2.4235086690e+02,3.5727381030e+02,7.1988691147e-01,1.6355359006e+00,2.5771197677e-01,2.3786810040e-01,9.2063690186e+02,2.4261061847e-01,2.9037924194e+02
178,2.4234787731e+02,3.5726826734e+02,7.1978100463e-01,1.6356186351e+00,2.5762474537e-01,2.3800353706e-01,9.2062219238e+02,2.4226291478e-01,2.9037930298e+02
179,2.4234555030e+02,3.5726381629e+02,7.1979067655e-01,1.6356076628e+00,2.5755980611e-01,2.3820339143e-01,9.2061047363e+02,2.4215067923e-01,2.9037936401e+02
180,2.4235645503e+02,3.5728450906e+02,7.1979832291e-01,1.6356138198e+00,2.5769937038e-01,2.3797772825e-01,9.2066497803e+02,2.4225601554e-01,2.9037936401e+02
181,2.4235535165e+02,3.5728239506e+02,7.1981061172e-01,1.6356027909e+00,2.5768300891e-01,2.3784337938e-01,9.2065942383e+02,2.4244400859e-01,2.9037936401e+02
182,2.4235447308e+02,3.5728088346e+02,7.1970373081e-01,1.6356886216e+00,2.5754430890e-01,2.3774597049e-01,9.2065533447e+02,2.4237661064e-01,2.9037936401e+02
183,2.4356891747e+02,3.5958737714e+02,7.2025135961e-01,1.6364905591e+00,2.5748729706e-01,2.3805567622e-01,9.2672766113e+02,2.4204973876e-01,2.9037933350e+02
184,2.4356979156e+02,3.5958910817e+02,7.2020940799e-01,1.6365259557e+00,2.5749307871e-01,2.3793439567e-01,9.2673217773e+02,2.4204958975e-01,2.9037930298e+02
185,2.4356652949e+02,3.5958284520e+02,7.2026411805e-01,1.6364790292e+00,2.5765407085e-01,2.3778568208e-01,9.2671575928e+02,2.4220648408e-01,2.9037924194e+02
186,2.4356914887e+02,3.5958792918e+02,7.2019325913e-01,1.6365389089e+00,2.5747141242e-01,2.3762005568e-01,9.2672906494e+02,2.4234598875e-01,2.9037924194e+02
187,2.4356906373e+02,3.5958782460e+02,7.2016304159e-01,1.6365629451e+00,2.5742852688e-01,2.3779335618e-01,9.2672875977e+02,2.4212557077e-01,2.9037921143e+02
188,2.4356645591e+02,3.5958298442e+02,7.2008495022e-01,1.6366233776e+00,2.5733608007e-01,2.3790651560e-01,9.2671594238e+02,2.4188312888e-01,2.9037921143e+02
189,2.4356875074e+02,3.5958731301e+02,7.2010278363e-01,1.6366124547e+00,2.5750568509e-01,2.3769417405e-01,9.2672735596e+02,2.4198645353e-01,2.9037921143e+02
190,2.4356882251e+02,3.5958742663e+02,7.2011114133e-01,1.6366057176e+00,2.5747036934e-01,2.3758171499e-01,9.2672766113e+02,2.4215739965e-01,2.9037924194e+02
191,2.4356658360e+02,3.5958327543e+02,7.2004928142e-01,1.6366531929e+00,2.5731620193e-01,2.3753196001e-01,9.2671667480e+02,2.4218359590e-01,2.9037921143e+02
192,2.4356813475e+02,3.5958625161e+02,7.2003206314e-01,1.6366682130e+00,2.5728827715e-01,2.3780812323e-01,9.2672448730e+02,2.4187861383e-01,2.9037921143e+02
193,2.4356863883e+02,3.5958738381e+02,7.1991772391e-01,1.6367622809e+00,2.5725954771e-01,2.3763276637e-01,9.2672735596e+02,2.4176494777e-01,2.9037918091e+02
194,2.4356694224e+02,3.5958402935e+02,7.2001077097e-01,1.6366858197e+00,2.5746244192e-01,2.3752184212e-01,9.2671862793e+02,2.4194858968e-01,2.9037915039e+02
195,2.4356775988e+02,3.5958570914e+02,7.1992717957e-01,1.6367539189e+00,2.5722739100e-01,2.3737922311e-01,9.2672296143e+02,2.4208095670e-01,2.9037915039e+02
196,2.4356864309e+02,3.5958731802e+02,7.1996941800e-01,1.6367199992e+00,2.5723585486e-01,2.3758578300e-01,9.2672723389e+02,2.4197903275e-01,2.9037918091e+02
197,2.4356787440e+02,3.5958607689e+02,7.1981929729e-01,1.6368410861e+00,2.5710219145e-01,2.3761239648e-01,9.2672381592e+02,2.4166058004e-01,2.9037918091e+02
198,2.4356857196e+02,3.5958737108e+02,7.1982864602e-01,1.6368354973e+00,2.5728130341e-01,2.3741796613e-01,9.2672723389e+02,2.4171520770e-01,2.9037921143e+02
199,2.4356877744e+02,3.5958773526e+02,7.1984719200e-01,1.6368205151e+00,2.5724267960e-01,2.3732158542e-01,9.2672821045e+02,2.4190106988e-01,2.9037921143e+02
200,2.4356737172e+02,3.5958510100e+02,7.1982423824e-01,1.6368370391e+00,2.5710099936e-01,2.3732692003e-01,9.2672125244e+02,2.4196679890e-01,2.9037921143e+02
201,2.4357088513e+02,3.5959175510e+02,7.1983386031e-01,1.6368325251e+00,2.5712704659e-01,2.3755843937e-01,9.2673876953e+02,2.4172867835e-01,2.9037924194e+02
202,2.4356692436e+02,3.5958452307e+02,7.1963637266e-01,1.6369895646e+00,2.5701576471e-01,2.3734311759e-01,9.2671954346e+02,2.4150805175e-01,2.9037921143e+02
203,2.4356720169e+02,3.5958468138e+02,7.1987963158e-01,1.6367946508e+00,2.5762617588e-01,2.3726075888e-01,9.2672021484e+02,2.4169524014e-01,2.9037921143e+02
204,2.4357271647e+02,3.5959535451e+02,7.1975384845e-01,1.6369009860e+00,2.5721624494e-01,2.3715002835e-01,9.2674816895e+02,2.4183569849e-01,2.9037921143e+02
205,2.4356718436e+02,3.5958412698e+02,7.2022626864e-01,1.6365156407e+00,2.5840598345e-01,2.3738093674e-01,9.2671911621e+02,2.4180723727e-01,2.9037921143e+02
206,2.4356841081e+02,3.5958694545e+02,7.1989890689e-01,1.6367812507e+00,2.5783893466e-01,2.3732712865e-01,9.2672619629e+02,2.4148029089e-01,2.9037921143e+02
207,2.4357410844e+02,3.5959752632e+02,7.2005471395e-01,1.6366640794e+00,2.5851926208e-01,2.3715166748e-01,9.2675421143e+02,2.4144843221e-01,2.9037921143e+02
208,2.4356671911e+02,3.5958412728e+02,7.1963576572e-01,1.6369910446e+00,2.5714308023e-01,2.3706862330e-01,9.2671850586e+02,2.4166655540e-01,2.9037921143e+02
209,2.4357125864e+02,3.5959335307e+02,7.1924614787e-01,1.6373068273e+00,2.5583407283e-01,2.3713202775e-01,9.2674237061e+02,2.4174505472e-01,2.9037921143e+02
210,2.4356724342e+02,3.5958415485e+02,7.2026668957e-01,1.6364854602e+00,2.5884902477e-01,2.3730938137e-01,9.2671923828e+02,2.4157848954e-01,2.9037924194e+02
211,2.4356837274e+02,3.5958449151e+02,7.2142007521e-01,1.6355706163e+00,2.6288595796e-01,2.3706880212e-01,9.2672137451e+02,2.4129250646e-01,2.9037924194e+02
212,2.4357507404e+02,3.5958882154e+02,7.2665833048e-01,1.6314325572e+00,2.7912846208e-01,2.3700499535e-01,9.2673858643e+02,2.4143891037e-01,2.9037921143e+02
213,2.4357260360e+02,3.5957895065e+02,7.2973400308e-01,1.6290213574e+00,2.8906512260e-01,2.3693619668e-01,9.2671618652e+02,2.4161875248e-01,2.9037921143e+02
214,2.4357142442e+02,3.5958264685e+02,7.2620799591e-01,1.6317779695e+00,2.7728655934e-01,2.3717926443e-01,9.2672180176e+02,2.4161255360e-01,2.9037924194e+02
215,2.4357345170e+02,3.5958803710e+02,7.2525035582e-01,1.6325399210e+00,2.7470666170e-01,2.3705612123e-01,9.2673492432e+02,2.4132944643e-01,2.9037924194e+02
216,2.4356870022e+02,3.5958147572e+02,7.2370355225e-01,1.6337607735e+00,2.7018639445e-01,2.3689731956e-01,9.2671594238e+02,2.4120254815e-01,2.9037927246e+02
217,2.4356683222e+02,3.5958451077e+02,7.1948520135e-01,1.6371149757e+00,2.5719869137e-01,2.3682880402e-01,9.2671936035e+02,2.4143975973e-01,2.9037933350e+02
218,2.4356955592e+02,3.5959059842e+02,7.1888410266e-01,1.6375978169e+00,2.5518932939e-01,2.3694822192e-01,9.2673474121e+02,2.4153682590e-01,2.9037936401e+02
219,2.4359543732e+02,3.5956353887e+02,7.5859013113e-01,1.6074299235e+00,4.0309649706e-01,2.3706534505e-01,9.2671618652e+02,2.4141317606e-01,2.9037942505e+02
220,2.4378044685e+02,3.5943901587e+02,8.6193899703e-01,1.5454741759e+00,1.3278357983e+00,2.3681198061e-01,9.2671704102e+02,2.4112039804e-01,2.9037942505e+02
221,2.4380766003e+02,3.5943021649e+02,8.6930923188e-01,1.5420188056e+00,1.4453359842e+00,2.3675794899e-01,9.2673559570e+02,2.4118544161e-01,2.9037942505e+02
222,2.4406405473e+02,3.5924810043e+02,9.2512422224e-01,1.5201717886e+00,2.7457032204e+00,2.3674030602e-01,9.2671704102e+02,2.4142509699e-01,2.9037936401e+02
223,2.4409378521e+02,3.5923161815e+02,9.2957702441e-01,1.5187140520e+00,2.8873550892e+00,2.3698185384e-01,9.2672381592e+02,2.4140916765e-01,2.9037936401e+02
224,2.4411116361e+02,3.5925639728e+02,9.2993183586e-01,1.5187187934e+00,2.9037837982e+00,2.3680344224e-01,9.2679467773e+02,2.4118906260e-01,2.9037936401e+02
225,2.4478316857e+02,3.5880744772e+02,9.9658597917e-01,1.5041216277e+00,6.2641224861e+00,2.3665638268e-01,9.2679467773e+02,2.4099171162e-01,2.9037939453e+02
226,2.4491107881e+02,3.5872250407e+02,1.0050889656e+00,1.5030288083e+00,6.9034714699e+00,2.3660723865e-01,9.2679467773e+02,2.4121254683e-01,2.9037942505e+02
227,2.4540067952e+02,3.5839885419e+02,1.0315605046e+00,1.5009168917e+00,9.3511362076e+00,2.3677614331e-01,9.2679467773e+02,2.4135193229e-01,2.9037945557e+02
228,2.4595353183e+02,3.5803626534e+02,1.0540316903e+00,1.5007075871e+00,1.2115403175e+01,2.3683145642e-01,9.2679467773e+02,2.4123020470e-01,2.9037951660e+02
229,2.4619964942e+02,3.5787582888e+02,1.0622534098e+00,1.5011725270e+00,1.3346497536e+01,2.3657397926e-01,9.2679467773e+02,2.4098125100e-01,2.9037951660e+02
230,2.4787117869e+02,3.5680224307e+02,1.1044584653e+00,1.5053540537e+00,2.1704257965e+01,2.3652353883e-01,9.2679467773e+02,2.4094812572e-01,2.9037948608e+02
231,2.4874318045e+02,3.5625334082e+02,1.1204782000e+00,1.5079992874e+00,2.6063932419e+01,2.3656372726e-01,9.2679467773e+02,2.4124228954e-01,2.9037948608e+02
232,2.4961032883e+02,3.5571512926e+02,1.1339161191e+00,1.5107684136e+00,3.0399507523e+01,2.3679021001e-01,9.2679467773e+02,2.4121309817e-01,2.9037945557e+02
233,2.5515574157e+02,3.5245572722e+02,1.1900765359e+00,1.5280406820e+00,5.8126960754e+01,2.3657153547e-01,9.2679467773e+02,2.4104224145e-01,2.9037945557e+02
234,2.7343666694e+02,3.4403211858e+02,1.2720155053e+00,1.5673605949e+00,1.4953186035e+02,2.3642991483e-01,9.2679467773e+02,2.4081958830e-01,2.9037954712e+02
235,2.7733365045e+02,3.4271435506e+02,1.2827070465e+00,1.5735568376e+00,1.6901654053e+02,2.3640765250e-01,9.2679467773e+02,2.4098765850e-01,2.9037963867e+02
236,3.0863116283e+02,3.3851307076e+02,1.3397814973e+00,1.6112331512e+00,3.2550357056e+02,2.3661607504e-01,9.2679467773e+02,2.4118906260e-01,2.9037976074e+02
237,3.0959460856e+02,3.3856659861e+02,1.3410020022e+00,1.6122312532e+00,3.3032083130e+02,2.3661245406e-01,9.2679467773e+02,2.4103848636e-01,2.9037988281e+02
238,3.1175417657e+02,3.3872639895e+02,1.3436361225e+00,1.6144758000e+00,3.4111898804e+02,2.3635542393e-01,9.2679467773e+02,2.4085679650e-01,2.9038000488e+02
239,3.1409997433e+02,3.3896220310e+02,1.3465116650e+00,1.6167220957e+00,3.5284811401e+02,2.3630541563e-01,9.2679467773e+02,2.4073906243e-01,2.9038003540e+02
240,3.1413912127e+02,3.3896660264e+02,1.3467126701e+00,1.6165717348e+00,3.5304351807e+02,2.3640659451e-01,9.2679467773e+02,2.4106012285e-01,2.9037994385e+02
241,3.1448332738e+02,3.3900676386e+02,1.3471994100e+00,1.6168071140e+00,3.5476425171e+02,2.3660627007e-01,9.2679467773e+02,2.4103528261e-01,2.9038006592e+02
242,3.1513972958e+02,3.3908736825e+02,1.3478539895e+00,1.6175800465e+00,3.5804650879e+02,2.3636125028e-01,9.2679467773e+02,2.4088162184e-01,2.9038021851e+02
243,3.2344616673e+02,3.4054235237e+02,1.3572608466e+00,1.6249372204e+00,3.9957910156e+02,2.3621875048e-01,9.2679467773e+02,2.4067813158e-01,2.9038015747e+02
244,3.2367561369e+02,3.4059392792e+02,1.3575494657e+00,1.6250797666e+00,4.0072622681e+02,2.3623181880e-01,9.2679467773e+02,2.4077461660e-01,2.9038015747e+02
245,3.2368142671e+02,3.4059512739e+02,1.3577378057e+00,1.6248625898e+00,4.0075482178e+02,2.3646807671e-01,9.2679467773e+02,2.4103900790e-01,2.9038012695e+02
246,3.2368722514e+02,3.4059649704e+02,1.3576558988e+00,1.6249748472e+00,4.0078405762e+02,2.3641155660e-01,9.2679467773e+02,2.4085181952e-01,2.9038012695e+02
247,3.2369534657e+02,3.4059842468e+02,1.3575266875e+00,1.6251500384e+00,4.0082504272e+02,2.3615625501e-01,9.2679467773e+02,2.4072916806e-01,2.9038012695e+02
248,3.2390216977e+02,3.4064555943e+02,1.3576721438e+00,1.6254170542e+00,4.0185937500e+02,2.3610651493e-01,9.2679467773e+02,2.4056266248e-01,2.9038012695e+02
249,3.2473946593e+02,3.4084112232e+02,1.3587451613e+00,1.6258975444e+00,4.0604537964e+02,2.3626817763e-01,9.2679467773e+02,2.4087713659e-01,2.9038012695e+02
250,3.2517729200e+02,3.4094663236e+02,1.3592729603e+00,1.6261825079e+00,4.0823434448e+02,2.3643182218e-01,9.2679467773e+02,2.4087898433e-01,2.9038012695e+02
251,3.2565846279e+02,3.4106528920e+02,1.3596277985e+00,1.6267654180e+00,4.1064062500e+02,2.3617234826e-01,9.2679467773e+02,2.4071192741e-01,2.9038012695e+02
252,3.2566015281e+02,3.4106578024e+02,1.3595172791e+00,1.6269037765e+00,4.1064932251e+02,2.3602348566e-01,9.2679467773e+02,2.4055232108e-01,2.9038018799e+02
253,3.2732909719e+02,3.4149769578e+02,1.3612963813e+00,1.6282150064e+00,4.1899392700e+02,2.3607949913e-01,9.2679467773e+02,2.4058322608e-01,2.9038021851e+02
254,3.2739411413e+02,3.4151502970e+02,1.3615677118e+00,1.6280184528e+00,4.1931838989e+02,2.3633177578e-01,9.2679467773e+02,2.4089172482e-01,2.9038027954e+02
255,3.2836054971e+02,3.4178060035e+02,1.3624500760e+00,1.6289279178e+00,4.2415081787e+02,2.3623031378e-01,9.2679467773e+02,2.4068205059e-01,2.9038034058e+02
256,3.2844564259e+02,3.4180457457e+02,1.3624100961e+00,1.6291507008e+00,4.2457659912e+02,2.3597611487e-01,9.2679467773e+02,2.4058890343e-01,2.9038037109e+02
257,3.2852691529e+02,3.4182752525e+02,1.3624126505e+00,1.6293133783e+00,4.2498318481e+02,2.3592832685e-01,9.2679467773e+02,2.4041448534e-01,2.9038037109e+02
258,3.2853482858e+02,3.4182963331e+02,1.3626041127e+00,1.6290960438e+00,4.2502224731e+02,2.3614718020e-01,9.2679467773e+02,2.4069958925e-01,2.9038037109e+02
259,3.2853545921e+02,3.4182977335e+02,1.3626641705e+00,1.6290239948e+00,4.2502526855e+02,2.3626863956e-01,9.2679467773e+02,2.4074056745e-01,2.9038034058e+02
260,3.2854081151e+02,3.4183140112e+02,1.3625018069e+00,1.6292330215e+00,4.2505252075e+02,2.3600377142e-01,9.2679467773e+02,2.4054525793e-01,2.9038031006e+02
261,3.2861244190e+02,3.4185172578e+02,1.3624738440e+00,1.6294132490e+00,4.2541098022e+02,2.3584464192e-01,9.2679467773e+02,2.4042734504e-01,2.9038027954e+02
262,3.2864252079e+02,3.4186022919e+02,1.3625396995e+00,1.6293941157e+00,4.2556134033e+02,2.3594927788e-01,9.2679467773e+02,2.4041807652e-01,2.9038021851e+02
263,3.3000356868e+02,3.4225655757e+02,1.3641296322e+00,1.6302086376e+00,4.3236605835e+02,2.3620648682e-01,9.2679467773e+02,2.4074333906e-01,2.9038015747e+02
264,3.3000532452e+02,3.4225717252e+02,1.3640057906e+00,1.6303631589e+00,4.3237521362e+02,2.3606875539e-01,9.2679467773e+02,2.4053552747e-01,2.9038012695e+02
265,3.3006785791e+02,3.4227595493e+02,1.3639398096e+00,1.6305693824e+00,4.3268838501e+02,2.3581431806e-01,9.2679455566e+02,2.4043811858e-01,2.9038009644e+02
266,3.3014899529e+02,3.4230033357e+02,1.3639498107e+00,1.6307199162e+00,4.3309439087e+02,2.3577111959e-01,9.2679443359e+02,2.4028442800e-01,2.9038009644e+02
267,3.3030077804e+02,3.4234598106e+02,1.3642920262e+00,1.6306066567e+00,4.3385278320e+02,2.3604197800e-01,9.2679443359e+02,2.4053497612e-01,2.9038009644e+02
268,3.3049644494e+02,3.4240534520e+02,1.3645439772e+00,1.6306907609e+00,4.3483096313e+02,2.3611818254e-01,9.2679443359e+02,2.4061335623e-01,2.9038009644e+02
269,3.3080309860e+02,3.4249944288e+02,1.3646731292e+00,1.6311451244e+00,4.3636468506e+02,2.3585429788e-01,9.2679443359e+02,2.4039307237e-01,2.9038012695e+02
270,3.3089733163e+02,3.4252860333e+02,1.3646679964e+00,1.6313390882e+00,4.3683609009e+02,2.3568244278e-01,9.2679443359e+02,2.4029453099e-01,2.9038015747e+02
271,3.3089945277e+02,3.4252925648e+02,1.3647211054e+00,1.6312783475e+00,4.3684640503e+02,2.3583854735e-01,9.2679455566e+02,2.4027661979e-01,2.9038018799e+02
272,3.3091550979e+02,3.4253407575e+02,1.3649457554e+00,1.6310363320e+00,4.3692608643e+02,2.3609158397e-01,9.2679455566e+02,2.4059677124e-01,2.9038021851e+02
273,3.3107049344e+02,3.4258226258e+02,1.3649720979e+00,1.6313123250e+00,4.3770129395e+02,2.3592562973e-01,9.2679455566e+02,2.4041244388e-01,2.9038027954e+02
274,3.3107819915e+02,3.4258475615e+02,1.3648402183e+00,1.6314886283e+00,4.3774017334e+02,2.3566994071e-01,9.2679455566e+02,2.4028676748e-01,2.9038031006e+02
275,3.3117756877e+02,3.4261578655e+02,1.3648802541e+00,1.6316370059e+00,4.3823712158e+02,2.3563385010e-01,9.2679455566e+02,2.4016167223e-01,2.9038037109e+02
276,3.3117766491e+02,3.4261563800e+02,1.3650782791e+00,1.6313955895e+00,4.3823712158e+02,2.3595070839e-01,9.2679443359e+02,2.4038656056e-01,2.9038043213e+02
277,3.3117772891e+02,3.4261565782e+02,1.3651279510e+00,1.6313351704e+00,4.3823718262e+02,2.3598143458e-01,9.2679455566e+02,2.4049268663e-01,2.9038043213e+02
278,3.3117764922e+02,3.4261576346e+02,1.3649491154e+00,1.6315531770e+00,4.3823733521e+02,2.3572236300e-01,9.2679455566e+02,2.4026177824e-01,2.9038037109e+02
279,3.3117909816e+02,3.4261629382e+02,1.3648432999e+00,1.6316851968e+00,4.3824490356e+02,2.3553682864e-01,9.2679455566e+02,2.4015416205e-01,2.9038034058e+02
280,3.3120776466e+02,3.4262520683e+02,1.3649472609e+00,1.6316150594e+00,4.3838806152e+02,2.3574426770e-01,9.2679455566e+02,2.4015177786e-01,2.9038031006e+02
281,3.3123905079e+02,3.4263485944e+02,1.3651774578e+00,1.6313963678e+00,4.3854394531e+02,2.3598645627e-01,9.2679455566e+02,2.4045646191e-01,2.9038031006e+02
282,3.3125156310e+02,3.4263886728e+02,1.3650675201e+00,1.6315553153e+00,4.3860687256e+02,2.3579932749e-01,9.2679455566e+02,2.4030843377e-01,2.9038027954e+02
283,3.3125146663e+02,3.4263895015e+02,1.3649133608e+00,1.6317432491e+00,4.3860687256e+02,2.3554177582e-01,9.2679455566e+02,2.4014465511e-01,2.9038021851e+02
284,3.3125140961e+02,3.4263893669e+02,1.3648652018e+00,1.6318018218e+00,4.3860690308e+02,2.3551478982e-01,9.2679443359e+02,2.4003911018e-01,2.9038015747e+02
285,3.3125152960e+02,3.4263883385e+02,1.3650736082e+00,1.6315476986e+00,4.3860699463e+02,2.3587130010e-01,9.2679443359e+02,2.4025206268e-01,2.9038009644e+02
286,3.3125157054e+02,3.4263881773e+02,1.3651144257e+00,1.6314981139e+00,4.3860708618e+02,2.3585890234e-01,9.2679443359e+02,2.4037757516e-01,2.9038009644e+02
287,3.3125156039e+02,3.4263893686e+02,1.3649399625e+00,1.6317109348e+00,4.3860751343e+02,2.3560632765e-01,9.2679443359e+02,2.4015218019e-01,2.9038009644e+02
288,3.3125164540e+02,3.4263904995e+02,1.3648164742e+00,1.6318617941e+00,4.3860827637e+02,2.3540754616e-01,9.2679443359e+02,2.4001307786e-01,2.9038009644e+02
289,3.3125195142e+02,3.4263910398e+02,1.3649193904e+00,1.6317366352e+00,4.3860934448e+02,2.3566307127e-01,9.2679455566e+02,2.4003641307e-01,2.9038015747e+02
290,3.3125234120e+02,3.4263909444e+02,1.3651072949e+00,1.6315082494e+00,4.3861077881e+02,2.3589070141e-01,9.2679455566e+02,2.4032333493e-01,2.9038015747e+02
291,3.3125210863e+02,3.4263909519e+02,1.3649942736e+00,1.6316457543e+00,4.3860986328e+02,2.3568783700e-01,9.2679455566e+02,2.4021786451e-01,2.9038021851e+02
292,3.3125177850e+02,3.4263910694e+02,1.3648256491e+00,1.6318508526e+00,4.3860864258e+02,2.3542843759e-01,9.2679455566e+02,2.4001677334e-01,2.9038024902e+02
293,3.3125171220e+02,3.4263907890e+02,1.3647828419e+00,1.6319028891e+00,4.3860852051e+02,2.3541171849e-01,9.2679443359e+02,2.3991562426e-01,2.9038027954e+02
294,3.3125187520e+02,3.4263896817e+02,1.3650031759e+00,1.6316342971e+00,4.3860864258e+02,2.3580163717e-01,9.2679443359e+02,2.4012711644e-01,2.9038037109e+02
295,3.3125225946e+02,3.4263905756e+02,1.3650358295e+00,1.6315954152e+00,4.3861038208e+02,2.3575070500e-01,9.2679443359e+02,2.4026827514e-01,2.9038046265e+02
296,3.3125269984e+02,3.4263930885e+02,1.3648707567e+00,1.6317976914e+00,4.3861300659e+02,2.3550432920e-01,9.2679443359e+02,2.4006150663e-01,2.9038049316e+02
297,3.3125254783e+02,3.4263935935e+02,1.3647266682e+00,1.6319731840e+00,4.3861260986e+02,2.3529411852e-01,9.2679443359e+02,2.3987790942e-01,2.9038052368e+02
298,3.3125225694e+02,3.4263917966e+02,1.3648536437e+00,1.6318174917e+00,4.3861080933e+02,2.3559182882e-01,9.2679443359e+02,2.3992624879e-01,2.9038052368e+02
299,3.3125217602e+02,3.4263903929e+02,1.3650287053e+00,1.6316038196e+00,4.3861001587e+02,2.3580421507e-01,9.2679443359e+02,2.4019427598e-01,2.9038043213e+02
300,3.3125213986e+02,3.4263910557e+02,1.3649287441e+00,1.6317258108e+00,4.3861019897e+02,2.3558957875e-01,9.2679443359e+02,2.4013656378e-01,2.9038034058e+02
301,3.3125221194e+02,3.4263926251e+02,1.3647482715e+00,1.6319461105e+00,4.3861114502e+02,2.3532861471e-01,9.2679443359e+02,2.3990343511e-01,2.9038024902e+02
302,3.3125234141e+02,3.4263934057e+02,1.3647065230e+00,1.6319971826e+00,4.3861199951e+02,2.3532257974e-01,9.2679443359e+02,2.3979391158e-01,2.9038015747e+02
303,3.3125239461e+02,3.4263920075e+02,1.3649381444e+00,1.6317145589e+00,4.3861169434e+02,2.3573952913e-01,9.2679443359e+02,2.4000917375e-01,2.9038009644e+02
304,3.3125228047e+02,3.4263914703e+02,1.3649628402e+00,1.6316844185e+00,4.3861105347e+02,2.3565666378e-01,9.2679443359e+02,2.4016219378e-01,2.9038009644e+02
305,3.3125224557e+02,3.4263924322e+02,1.3648097345e+00,1.6318711730e+00,4.3861129761e+02,2.3541468382e-01,9.2679443359e+02,2.3998552561e-01,2.9038009644e+02
306,3.3125247220e+02,3.4263943299e+02,1.3646441891e+00,1.6320735400e+00,4.3861291504e+02,2.3519593477e-01,9.2679443359e+02,2.3975048959e-01,2.9038006592e+02
307,3.3125334597e+02,3.4263960402e+02,1.3647926969e+00,1.6318938815e+00,4.3861688232e+02,2.3552767932e-01,9.2679443359e+02,2.3982031643e-01,2.9038006592e+02
308,3.3125561393e+02,3.4264019818e+02,1.3649572759e+00,1.6316976658e+00,4.3862774658e+02,2.3572692275e-01,9.2679443359e+02,2.4006609619e-01,2.9038009644e+02
309,3.3126552926e+02,3.4264336423e+02,1.3648831101e+00,1.6318079929e+00,4.3867755127e+02,2.3550333083e-01,9.2679443359e+02,2.4006167054e-01,2.9038009644e+02
310,3.3130978565e+02,3.4265737669e+02,1.3647370101e+00,1.6320739456e+00,4.3889929199e+02,2.3524121940e-01,9.2679443359e+02,2.3980398476e-01,2.9038015747e+02
311,3.3130971217e+02,3.4265737988e+02,1.3646923462e+00,1.6321281717e+00,4.3889898682e+02,2.3524573445e-01,9.2679443359e+02,2.3967622221e-01,2.9038021851e+02
312,3.3130985019e+02,3.4265724906e+02,1.3649341707e+00,1.6318332815e+00,4.3889895630e+02,2.3568253219e-01,9.2679443359e+02,2.3989896476e-01,2.9038027954e+02
313,3.3130990257e+02,3.4265722783e+02,1.3649510001e+00,1.6318131139e+00,4.3889913940e+02,2.3557640612e-01,9.2679437256e+02,2.4005338550e-01,2.9038037109e+02
314,3.3130985242e+02,3.4265730225e+02,1.3648144113e+00,1.6319797406e+00,4.3889920044e+02,2.3533578217e-01,9.2679437256e+02,2.3992116749e-01,2.9038043213e+02
315,3.3130971287e+02,3.4265738755e+02,1.3646263957e+00,1.6322087539e+00,4.3889898682e+02,2.3511265218e-01,9.2679437256e+02,2.3962968588e-01,2.9038046265e+02
316,3.3130974710e+02,3.4265728415e+02,1.3647903080e+00,1.6320086381e+00,4.3889871216e+02,2.3546846211e-01,9.2679437256e+02,2.3971968889e-01,2.9038046265e+02
317,3.3130981703e+02,3.4265719832e+02,1.3649402735e+00,1.6318258760e+00,4.3889862061e+02,2.3565839231e-01,9.2679437256e+02,2.3994041979e-01,2.9038049316e+02
318,3.3130980514e+02,3.4265725844e+02,1.3648730213e+00,1.6319081283e+00,4.3889868164e+02,2.3542822897e-01,9.2679443359e+02,2.3998905718e-01,2.9038049316e+02
319,3.3130968646e+02,3.4265736542e+02,1.3646783666e+00,1.6321453180e+00,4.3889871216e+02,2.3516535759e-01,9.2679443359e+02,2.3971955478e-01,2.9038040161e+02
320,3.3130965770e+02,3.4265743591e+02,1.3646263270e+00,1.6322085437e+00,4.3889868164e+02,2.3518018425e-01,9.2679455566e+02,2.3956093192e-01,2.9038031006e+02
321,3.3130975226e+02,3.4265729778e+02,1.3648779899e+00,1.6319015467e+00,4.3889855957e+02,2.3562796414e-01,9.2679455566e+02,2.3979960382e-01,2.9038021851e+02
322,3.3130970131e+02,3.4265724722e+02,1.3648843556e+00,1.6318939189e+00,4.3889846802e+02,2.3550927639e-01,9.2679443359e+02,2.3993816972e-01,2.9038015747e+02
323,3.3130963242e+02,3.4265731125e+02,1.3647690036e+00,1.6320346404e+00,4.3889849854e+02,2.3526640236e-01,9.2679443359e+02,2.3986713588e-01,2.9038009644e+02
324,3.3130951202e+02,3.4265740504e+02,1.3645603470e+00,1.6322888172e+00,4.3889855957e+02,2.3504412174e-01,9.2679437256e+02,2.3951791227e-01,2.9038006592e+02
325,3.3130960705e+02,3.4265731322e+02,1.3647350850e+00,1.6320756222e+00,4.3889855957e+02,2.3541259766e-01,9.2679437256e+02,2.3962458968e-01,2.9038006592e+02
326,3.3130966584e+02,3.4265723297e+02,1.3648759540e+00,1.6319039154e+00,4.3889846802e+02,2.3559768498e-01,9.2679437256e+02,2.3982502520e-01,2.9038006592e+02
327,3.3130962442e+02,3.4265725736e+02,1.3648214793e+00,1.6319705710e+00,4.3889840698e+02,2.3536385596e-01,9.2679437256e+02,2.3991280794e-01,2.9038006592e+02
328,3.3130952595e+02,3.4265735768e+02,1.3646302272e+00,1.6322036809e+00,4.3889840698e+02,2.3510025442e-01,9.2679437256e+02,2.3965351284e-01,2.9038009644e+02
329,3.3130951408e+02,3.4265741778e+02,1.3645646367e+00,1.6322834449e+00,4.3889846802e+02,2.3512563109e-01,9.2679443359e+02,2.3944671452e-01,2.9038009644e+02
330,3.3130967538e+02,3.4265728008e+02,1.3648267894e+00,1.6319638369e+00,4.3889849854e+02,2.3557333648e-01,9.2679443359e+02,2.3971398175e-01,2.9038015747e+02
331,3.3130967917e+02,3.4265727895e+02,1.3648218188e+00,1.6319701140e+00,4.3889846802e+02,2.3545448482e-01,9.2679443359e+02,2.3982122540e-01,2.9038021851e+02
332,3.3130964787e+02,3.4265732469e+02,1.3647302899e+00,1.6320819460e+00,4.3889846802e+02,2.3520578444e-01,9.2679443359e+02,2.3982188106e-01,2.9038031006e+02
333,3.3130954949e+02,3.4265744041e+02,1.3645062798e+00,1.6323548581e+00,4.3889846802e+02,2.3499028385e-01,9.2679443359e+02,2.3942343891e-01,2.9038043213e+02
334,3.3130963898e+02,3.4265732611e+02,1.3646820935e+00,1.6321403599e+00,4.3889846802e+02,2.3535947502e-01,9.2679437256e+02,2.3953221738e-01,2.9038046265e+02
335,3.3130972099e+02,3.4265725204e+02,1.3648208515e+00,1.6319712772e+00,4.3889846802e+02,2.3554281890e-01,9.2679437256e+02,2.3972840607e-01,2.9038049316e+02
336,3.3130968232e+02,3.4265727907e+02,1.3647713412e+00,1.6320318802e+00,4.3889846802e+02,2.3531004786e-01,9.2679437256e+02,2.3982885480e-01,2.9038043213e+02
337,3.3130957927e+02,3.4265737347e+02,1.3645938368e+00,1.6322482384e+00,4.3889846802e+02,2.3504523933e-01,9.2679437256e+02,2.3960891366e-01,2.9038040161e+02
338,3.3130952637e+02,3.4265741941e+02,1.3645092094e+00,1.6323510819e+00,4.3889846802e+02,2.3508240283e-01,9.2679437256e+02,2.3933775723e-01,2.9038037109e+02
339,3.3130966161e+02,3.4265727841e+02,1.3647793767e+00,1.6320216691e+00,4.3889846802e+02,2.3551632464e-01,9.2679437256e+02,2.3964107037e-01,2.9038031006e+02
340,3.3130965496e+02,3.4265730750e+02,1.3647666373e+00,1.6320373267e+00,4.3889846802e+02,2.3541077971e-01,9.2679443359e+02,2.3971338570e-01,2.9038024902e+02
341,3.3130957410e+02,3.4265732149e+02,1.3646957417e+00,1.6321239389e+00,4.3889840698e+02,2.3515333235e-01,9.2679437256e+02,2.3978015780e-01,2.9038015747e+02
342,3.3130941191e+02,3.4265740185e+02,1.3644666610e+00,1.6324028651e+00,4.3889840698e+02,2.3495084047e-01,9.2679425049e+02,2.3935478926e-01,2.9038009644e+02
343,3.3130949414e+02,3.4265731722e+02,1.3646292666e+00,1.6322044312e+00,4.3889840698e+02,2.3530937731e-01,9.2679425049e+02,2.3943793774e-01,2.9038006592e+02
344,3.3130957369e+02,3.4265724037e+02,1.3647746430e+00,1.6320272830e+00,4.3889840698e+02,2.3549124599e-01,9.2679425049e+02,2.3965379596e-01,2.9038006592e+02
345,3.3130954564e+02,3.4265726747e+02,1.3647223283e+00,1.6320913145e+00,4.3889840698e+02,2.3526671529e-01,9.2679425049e+02,2.3973807693e-01,2.9038006592e+02
346,3.3130946140e+02,3.4265734886e+02,1.3645678182e+00,1.6322797287e+00,4.3889840698e+02,2.3499965668e-01,9.2679425049e+02,2.3958395422e-01,2.9038006592e+02
347,3.3130940959e+02,3.4265740409e+02,1.3644631161e+00,1.6324069975e+00,4.3889840698e+02,2.3505154252e-01,9.2679425049e+02,2.3924247921e-01,2.9038009644e+02
348,3.3130958093e+02,3.4265730455e+02,1.3647322559e+00,1.6320789462e+00,4.3889840698e+02,2.3545570672e-01,9.2679437256e+02,2.3957297206e-01,2.9038009644e+02
349,3.3130959956e+02,3.4265732990e+02,1.3647212775e+00,1.6320924844e+00,4.3889840698e+02,2.3537625372e-01,9.2679443359e+02,2.3962348700e-01,2.9038015747e+02
350,3.3130957408e+02,3.4265735704e+02,1.3646622295e+00,1.6321648149e+00,4.3889837646e+02,2.3510853946e-01,9.2679443359e+02,2.3973327875e-01,2.9038021851e+02
351,3.3130946606e+02,3.4265747174e+02,1.3644429895e+00,1.6324318322e+00,4.3889837646e+02,2.3492503166e-01,9.2679443359e+02,2.3931567371e-01,2.9038027954e+02
352,3.3130952034e+02,3.4265733578e+02,1.3645769356e+00,1.6322683264e+00,4.3889837646e+02,2.3526346684e-01,9.2679425049e+02,2.3934018612e-01,2.9038037109e+02
353,3.3130961921e+02,3.4265725058e+02,1.3647352491e+00,1.6320754841e+00,4.3889837646e+02,2.3544020951e-01,9.2679425049e+02,2.3959676921e-01,2.9038043213e+02
354,3.3130959404e+02,3.4265728007e+02,1.3646772110e+00,1.6321464610e+00,4.3889837646e+02,2.3523344100e-01,9.2679425049e+02,2.3964716494e-01,2.9038046265e+02
355,3.3130951841e+02,3.4265734798e+02,1.3645492909e+00,1.6323025262e+00,4.3889837646e+02,2.3496262729e-01,9.2679425049e+02,2.3957031965e-01,2.9038043213e+02
356,3.3130944631e+02,3.4265741248e+02,1.3644300190e+00,1.6324474483e+00,4.3889837646e+02,2.3503337801e-01,9.2679425049e+02,2.3916958272e-01,2.9038040161e+02
357,3.3130957748e+02,3.4265728057e+02,1.3646813873e+00,1.6321410509e+00,4.3889837646e+02,2.3539155722e-01,9.2679425049e+02,2.3949778080e-01,2.9038037109e+02
358,3.3130957394e+02,3.4265727882e+02,1.3646857559e+00,1.6321357949e+00,4.3889837646e+02,2.3534780741e-01,9.2679425049e+02,2.3955437541e-01,2.9038034058e+02
359,3.3130956703e+02,3.4265737418e+02,1.3646271016e+00,1.6322076426e+00,4.3889837646e+02,2.3507052660e-01,9.2679443359e+02,2.3967504501e-01,2.9038027954e+02
360,3.3130944838e+02,3.4265747849e+02,1.3644329434e+00,1.6324440412e+00,4.3889837646e+02,2.3491141200e-01,9.2679443359e+02,2.3930191994e-01,2.9038021851e+02
361,3.3130947475e+02,3.4265740966e+02,1.3645271325e+00,1.6323288810e+00,4.3889837646e+02,2.3522365093e-01,9.2679437256e+02,2.3924362659e-01,2.9038015747e+02
362,3.3130953097e+02,3.4265727899e+02,1.3646965581e+00,1.6321224480e+00,4.3889837646e+02,2.3538789153e-01,9.2679425049e+02,2.3954357207e-01,2.9038009644e+02
363,3.3130949912e+02,3.4265730977e+02,1.3646376399e+00,1.6321944287e+00,4.3889837646e+02,2.3520843685e-01,9.2679425049e+02,2.3956377804e-01,2.9038009644e+02
364,3.3130943611e+02,3.4265736548e+02,1.3645325598e+00,1.6323227240e+00,4.3889837646e+02,2.3493266106e-01,9.2679425049e+02,2.3955503106e-01,2.9038006592e+02
365,3.3130936872e+02,3.4265743059e+02,1.3644109110e+00,1.6324705122e+00,4.3889837646e+02,2.3502740264e-01,9.2679425049e+02,2.3912332952e-01,2.9038006592e+02
366,3.3130949160e+02,3.4265731703e+02,1.3646247751e+00,1.6322098716e+00,4.3889837646e+02,2.3532609642e-01,9.2679425049e+02,2.3940853775e-01,2.9038009644e+02
367,3.3130950889e+02,3.4265730033e+02,1.3646560957e+00,1.6321717792e+00,4.3889837646e+02,2.3532229662e-01,9.2679425049e+02,2.3949874938e-01,2.9038009644e+02
368,3.3130947958e+02,3.4265733382e+02,1.3645899921e+00,1.6322527109e+00,4.3889837646e+02,2.3503828049e-01,9.2679425049e+02,2.3960570991e-01,2.9038012695e+02
369,3.3130939872e+02,3.4265741711e+02,1.3644313806e+00,1.6324458761e+00,4.3889837646e+02,2.3490791023e-01,9.2679425049e+02,2.3930127919e-01,2.9038015747e+02
370,3.3130943877e+02,3.4265738875e+02,1.3644837730e+00,1.6323816898e+00,4.3889837646e+02,2.3519156873e-01,9.2679425049e+02,2.3915682733e-01,2.9038021851e+02
371,3.3130954397e+02,3.4265729744e+02,1.3646534344e+00,1.6321750990e+00,4.3889837646e+02,2.3533445597e-01,9.2679425049e+02,2.3947888613e-01,2.9038027954e+02
372,3.3130953553e+02,3.4265732110e+02,1.3646040158e+00,1.6322355155e+00,4.3889837646e+02,2.3518916965e-01,9.2679425049e+02,2.3949044943e-01,2.9038037109e+02
373,3.3130949913e+02,3.4265736661e+02,1.3645139592e+00,1.6323455979e+00,4.3889837646e+02,2.3490859568e-01,9.2679425049e+02,2.3952797055e-01,2.9038043213e+02
374,3.3130944405e+02,3.4265742499e+02,1.3644037676e+00,1.6324794180e+00,4.3889837646e+02,2.3503203690e-01,9.2679425049e+02,2.3909862339e-01,2.9038046265e+02
375,3.3130952598e+02,3.4265733802e+02,1.3645650407e+00,1.6322828363e+00,4.3889834595e+02,2.3526312411e-01,9.2679425049e+02,2.3930770159e-01,2.9038046265e+02
376,3.3130956002e+02,3.4265730778e+02,1.3646270116e+00,1.6322073884e+00,4.3889837646e+02,2.3529809713e-01,9.2679425049e+02,2.3944291472e-01,2.9038043213e+02
377,3.3130950194e+02,3.4265734575e+02,1.3645529466e+00,1.6322979420e+00,4.3889834595e+02,2.3501104116e-01,9.2679425049e+02,2.3953111470e-01,2.9038037109e+02
378,3.3130942406e+02,3.4265741066e+02,1.3644331217e+00,1.6324438245e+00,4.3889834595e+02,2.3491236567e-01,9.2679425049e+02,2.3930142820e-01,2.9038031006e+02
379,3.3130941982e+02,3.4265740441e+02,1.3644492093e+00,1.6324237819e+00,4.3889834595e+02,2.3516736925e-01,9.2679425049e+02,2.3908627033e-01,2.9038024902e+02
380,3.3130948643e+02,3.4265732455e+02,1.3646040527e+00,1.6322351756e+00,4.3889834595e+02,2.3528228700e-01,9.2679425049e+02,2.3939596117e-01,2.9038015747e+02
381,3.3130945805e+02,3.4265734163e+02,1.3645740021e+00,1.6322718816e+00,4.3889834595e+02,2.3517401516e-01,9.2679425049e+02,2.3942337930e-01,2.9038009644e+02
382,3.3130940802e+02,3.4265738481e+02,1.3644923800e+00,1.6323716568e+00,4.3889834595e+02,2.3489052057e-01,9.2679425049e+02,2.3948721588e-01,2.9038006592e+02
383,3.3130935881e+02,3.4265743235e+02,1.3644041092e+00,1.6324787443e+00,4.3889834595e+02,2.3504510522e-01,9.2679425049e+02,2.3908661306e-01,2.9038006592e+02
384,3.3130939029e+02,3.4265733592e+02,1.3645065976e+00,1.6323537763e+00,4.3889834595e+02,2.3520612717e-01,9.2679412842e+02,2.3920504749e-01,2.9038006592e+02
385,3.3130943848e+02,3.4265728936e+02,1.3645944894e+00,1.6322467443e+00,4.3889834595e+02,2.3527494073e-01,9.2679412842e+02,2.3937718570e-01,2.9038006592e+02
386,3.3130939740e+02,3.4265732905e+02,1.3645180748e+00,1.6323401974e+00,4.3889834595e+02,2.3498874903e-01,9.2679412842e+02,2.3945796490e-01,2.9038006592e+02
387,3.3130938250e+02,3.4265741463e+02,1.3644352495e+00,1.6324410967e+00,4.3889834595e+02,2.3492291570e-01,9.2679425049e+02,2.3929671943e-01,2.9038009644e+02
388,3.3130937513e+02,3.4265742175e+02,1.3644233196e+00,1.6324552198e+00,4.3889834595e+02,2.3514989018e-01,9.2679425049e+02,2.3903290927e-01,2.9038009644e+02
389,3.3130945705e+02,3.4265735293e+02,1.3645504457e+00,1.6323004667e+00,4.3889834595e+02,2.3523408175e-01,9.2679425049e+02,2.3929728568e-01,2.9038015747e+02
390,3.3130947885e+02,3.4265735255e+02,1.3645452745e+00,1.6323069493e+00,4.3889834595e+02,2.3516197503e-01,9.2679425049e+02,2.3935630918e-01,2.9038027954e+02
391,3.3130942034e+02,3.4265734823e+02,1.3644704390e+00,1.6323984748e+00,4.3889834595e+02,2.3487922549e-01,9.2679412842e+02,2.3943807185e-01,2.9038031006e+02
392,3.3130941050e+02,3.4265737841e+02,1.3644095139e+00,1.6324723206e+00,4.3889834595e+02,2.3506356776e-01,9.2679412842e+02,2.3908244073e-01,2.9038043213e+02
393,3.3130942869e+02,3.4265735567e+02,1.3644541972e+00,1.6324177924e+00,4.3889834595e+02,2.3515677452e-01,9.2679412842e+02,2.3911067843e-01,2.9038040161e+02
394,3.3130949150e+02,3.4265730015e+02,1.3645577683e+00,1.6322916575e+00,4.3889834595e+02,2.3525291681e-01,9.2679412842e+02,2.3929810524e-01,2.9038043213e+02
395,3.3130945324e+02,3.4265733711e+02,1.3644865061e+00,1.6323788312e+00,4.3889834595e+02,2.3497146368e-01,9.2679412842e+02,2.3938825727e-01,2.9038043213e+02
396,3.3130942631e+02,3.4265736313e+02,1.3644374105e+00,1.6324386051e+00,4.3889834595e+02,2.3493823409e-01,9.2679412842e+02,2.3928682506e-01,2.9038043213e+02
397,3.3130939557e+02,3.4265738250e+02,1.3644049933e+00,1.6324776657e+00,4.3889834595e+02,2.3513692617e-01,9.2679412842e+02,2.3899546266e-01,2.9038037109e+02
398,3.3130943345e+02,3.4265733557e+02,1.3644962839e+00,1.6323664848e+00,4.3889834595e+02,2.3519161344e-01,9.2679412842e+02,2.3919120431e-01,2.9038031006e+02
399,3.3130943202e+02,3.4265732661e+02,1.3645155844e+00,1.6323430392e+00,4.3889834595e+02,2.3515187204e-01,9.2679412842e+02,2.3928484321e-01,2.9038024902e+02
400,3.3130937881e+02,3.4265736251e+02,1.3644503870e+00,1.6324227838e+00,4.3889834595e+02,2.3487484455e-01,9.2679412842e+02,2.3938739300e-01,2.9038015747e+02
401,3.3130934814e+02,3.4265738181e+02,1.3644182197e+00,1.6324615060e+00,4.3889834595e+02,2.3508426547e-01,9.2679412842e+02,2.3908562958e-01,2.9038009644e+02
402,3.3130933721e+02,3.4265738721e+02,1.3644096280e+00,1.6324718902e+00,4.3889834595e+02,2.3511505127e-01,9.2679412842e+02,2.3903070390e-01,2.9038006592e+02
403,3.3130939570e+02,3.4265733069e+02,1.3645165717e+00,1.6323416002e+00,4.3889834595e+02,2.3523195088e-01,9.2679412842e+02,2.3920625448e-01,2.9038006592e+02
404,3.3130936376e+02,3.4265736155e+02,1.3644568522e+00,1.6324147140e+00,4.3889834595e+02,2.3495900631e-01,9.2679412842e+02,2.3931953311e-01,2.9038006592e+02
405,3.3130935425e+02,3.4265737074e+02,1.3644395802e+00,1.6324357253e+00,4.3889834595e+02,2.3495711386e-01,9.2679412842e+02,2.3927387595e-01,2.9038006592e+02
406,3.3130932825e+02,3.4265739586e+02,1.3643934219e+00,1.6324915877e+00,4.3889834595e+02,2.3512625694e-01,9.2679412842e+02,2.3897472024e-01,2.9038006592e+02
407,3.3130935656e+02,3.4265736587e+02,1.3644450292e+00,1.6324287633e+00,4.3889831543e+02,2.3515531421e-01,9.2679412842e+02,2.3908719420e-01,2.9038009644e+02
408,3.3130938397e+02,3.4265734455e+02,1.3644836595e+00,1.6323818090e+00,4.3889831543e+02,2.3514218628e-01,9.2679412842e+02,2.3920688033e-01,2.9038012695e+02
409,3.3130937544e+02,3.4265736829e+02,1.3644332193e+00,1.6324436817e+00,4.3889831543e+02,2.3487703502e-01,9.2679412842e+02,2.3933781683e-01,2.9038021851e+02
410,3.3130939708e+02,3.4265737071e+02,1.3644296949e+00,1.6324476340e+00,4.3889834595e+02,2.3510439694e-01,9.2679412842e+02,2.3909656703e-01,2.9038031006e+02
411,3.3130937283e+02,3.4265739665e+02,1.3643744235e+00,1.6325149341e+00,4.3889831543e+02,2.3508052528e-01,9.2679412842e+02,2.3896870017e-01,2.9038037109e+02
412,3.3130941418e+02,3.4265730102e+02,1.3644725265e+00,1.6323953847e+00,4.3889831543e+02,2.3521187901e-01,9.2679400635e+02,2.3910513520e-01,2.9038043213e+02
413,3.3130939688e+02,3.4265732290e+02,1.3644283894e+00,1.6324495345e+00,4.3889831543e+02,2.3495109379e-01,9.2679400635e+02,2.3924890161e-01,2.9038046265e+02
414,3.3130940463e+02,3.4265731542e+02,1.3644426356e+00,1.6324321579e+00,4.3889831543e+02,2.3497839272e-01,9.2679400635e+02,2.3926034570e-01,2.9038046265e+02
415,3.3130938084e+02,3.4265734358e+02,1.3643892088e+00,1.6324969338e+00,4.3889831543e+02,2.3511601985e-01,9.2679400635e+02,2.3897323012e-01,2.9038049316e+02
416,3.3130937431e+02,3.4265733954e+02,1.3643995665e+00,1.6324842842e+00,4.3889831543e+02,2.3512494564e-01,9.2679400635e+02,2.3899270594e-01,2.9038043213e+02
417,3.3130939507e+02,3.4265731432e+02,1.3644484075e+00,1.6324248396e+00,4.3889831543e+02,2.3513172567e-01,9.2679400635e+02,2.3912025988e-01,2.9038040161e+02
418,3.3130936081e+02,3.4265733192e+02,1.3644178164e+00,1.6324624274e+00,4.3889831543e+02,2.3488500714e-01,9.2679400635e+02,2.3928721249e-01,2.9038031006e+02
419,3.3130936131e+02,3.4265732110e+02,1.3644424044e+00,1.6324320729e+00,4.3889831543e+02,2.3512153327e-01,9.2679400635e+02,2.3911422491e-01,2.9038024902e+02
420,3.3130929213e+02,3.4265737244e+02,1.3643495160e+00,1.6325451352e+00,4.3889831543e+02,2.3505216837e-01,9.2679400635e+02,2.3892921209e-01,2.9038015747e+02
421,3.3130932220e+02,3.4265733305e+02,1.3644271710e+00,1.6324504042e+00,4.3889831543e+02,2.3519234359e-01,9.2679400635e+02,2.3900043964e-01,2.9038009644e+02
422,3.3130930165e+02,3.4265734773e+02,1.3643994050e+00,1.6324845724e+00,4.3889831543e+02,2.3494702578e-01,9.2679400635e+02,2.3917354643e-01,2.9038006592e+02
423,3.3130933295e+02,3.4265732265e+02,1.3644455136e+00,1.6324284108e+00,4.3889831543e+02,2.3500077426e-01,9.2679400635e+02,2.3924578726e-01,2.9038009644e+02
424,3.3130929677e+02,3.4265735245e+02,1.3643915153e+00,1.6324939046e+00,4.3889831543e+02,2.3510468006e-01,9.2679400635e+02,2.3899145424e-01,2.9038006592e+02
425,3.3130928639e+02,3.4265736764e+02,1.3643615503e+00,1.6325303847e+00,4.3889831543e+02,2.3509940505e-01,9.2679400635e+02,2.3891435564e-01,2.9038009644e+02
426,3.3130931225e+02,3.4265734266e+02,1.3644086545e+00,1.6324730475e+00,4.3889831543e+02,2.3511932790e-01,9.2679400635e+02,2.3902370036e-01,2.9038009644e+02
427,3.3130931552e+02,3.4265734467e+02,1.3644021021e+00,1.6324814148e+00,4.3889831543e+02,2.3489721119e-01,9.2679400635e+02,2.3923164606e-01,2.9038012695e+02
428,3.3130934966e+02,3.4265731685e+02,1.3644545485e+00,1.6324172282e+00,4.3889831543e+02,2.3513354361e-01,9.2679400635e+02,2.3913551867e-01,2.9038015747e+02
429,3.3130930310e+02,3.4265737734e+02,1.3643360621e+00,1.6325615929e+00,4.3889831543e+02,2.3502817750e-01,9.2679400635e+02,2.3891651630e-01,2.9038024902e+02
430,3.3130935293e+02,3.4265734987e+02,1.3643831547e+00,1.6325041414e+00,4.3889831543e+02,2.3517249525e-01,9.2679400635e+02,2.3889929056e-01,2.9038037109e+02
431,3.3130936389e+02,3.4265735479e+02,1.3643684337e+00,1.6325224725e+00,4.3889831543e+02,2.3494526744e-01,9.2679400635e+02,2.3908974230e-01,2.9038046265e+02
432,3.3130941271e+02,3.4265731279e+02,1.3644465063e+00,1.6324273905e+00,4.3889831543e+02,2.3502194881e-01,9.2679400635e+02,2.3922663927e-01,2.9038049316e+02
433,3.3130938609e+02,3.4265733850e+02,1.3643985980e+00,1.6324855539e+00,4.3889831543e+02,2.3508973420e-01,9.2679400635e+02,2.3902578652e-01,2.9038049316e+02
434,3.3130934390e+02,3.4265737410e+02,1.3643329163e+00,1.6325654643e+00,4.3889831543e+02,2.3507620394e-01,9.2679400635e+02,2.3885887861e-01,2.9038046265e+02
435,3.3130936127e+02,3.4265735731e+02,1.3643646476e+00,1.6325268185e+00,4.3889831543e+02,2.3510262370e-01,9.2679400635e+02,2.3891930282e-01,2.9038046265e+02
436,3.3130937214e+02,3.4265734681e+02,1.3643832002e+00,1.6325045732e+00,4.3889831543e+02,2.3490957916e-01,9.2679400635e+02,2.3916672170e-01,2.9038046265e+02
437,3.3130940923e+02,3.4265730581e+02,1.3644630701e+00,1.6324070122e+00,4.3889831543e+02,2.3513646424e-01,9.2679400635e+02,2.3915578425e-01,2.9038043213e+02
438,3.3130930709e+02,3.4265737601e+02,1.3643320785e+00,1.6325665016e+00,4.3889828491e+02,2.3500344157e-01,9.2679400635e+02,2.3893067241e-01,2.9038031006e+02
439,3.3130929375e+02,3.4265737339e+02,1.3643419502e+00,1.6325542104e+00,4.3889828491e+02,2.3514926434e-01,9.2679400635e+02,2.3880971968e-01,2.9038021851e+02
440,3.3130927037e+02,3.4265738048e+02,1.3643314503e+00,1.6325672682e+00,4.3889828491e+02,2.3493950069e-01,9.2679400635e+02,2.3899412155e-01,2.9038012695e+02
441,3.3130932381e+02,3.4265732368e+02,1.3644401945e+00,1.6324348106e+00,4.3889828491e+02,2.3503409326e-01,9.2679400635e+02,2.3919723928e-01,2.9038009644e+02
442,3.3130929753e+02,3.4265734390e+02,1.3644037321e+00,1.6324791012e+00,4.3889828491e+02,2.3506148160e-01,9.2679400635e+02,2.3906901479e-01,2.9038006592e+02
443,3.3130924647e+02,3.4265739323e+02,1.3643108121e+00,1.6325921710e+00,4.3889828491e+02,2.3504380882e-01,9.2679400635e+02,2.3883135617e-01,2.9038006592e+02
444,3.3130925457e+02,3.4265739057e+02,1.3643146266e+00,1.6325875036e+00,4.3889828491e+02,2.3507186770e-01,9.2679400635e+02,2.3881331086e-01,2.9038009644e+02
445,3.3130927624e+02,3.4265736964e+02,1.3643529750e+00,1.6325411259e+00,4.3889828491e+02,2.3490554094e-01,9.2679400635e+02,2.3908793926e-01,2.9038009644e+02
446,3.3130934061e+02,3.4265731261e+02,1.3644601469e+00,1.6324104186e+00,4.3889828491e+02,2.3511549830e-01,9.2679400635e+02,2.3916932940e-01,2.9038012695e+02
447,3.3130927448e+02,3.4265738168e+02,1.3643279478e+00,1.6325715162e+00,4.3889828491e+02,2.3495739698e-01,9.2679400635e+02,2.3896625638e-01,2.9038015747e+02
448,3.3130927068e+02,3.4265739569e+02,1.3642997287e+00,1.6326056492e+00,4.3889828491e+02,2.3510400951e-01,9.2679400635e+02,2.3873960972e-01,2.9038021851e+02
449,3.3130927905e+02,3.4265740310e+02,1.3642805171e+00,1.6326293858e+00,4.3889828491e+02,2.3490647972e-01,9.2679400635e+02,2.3888744414e-01,2.9038031006e+02
450,3.3130938097e+02,3.4265733047e+02,1.3644108882e+00,1.6324707249e+00,4.3889828491e+02,2.3499974608e-01,9.2679400635e+02,2.3915119469e-01,2.9038046265e+02
451,3.3130938143e+02,3.4265733254e+02,1.3644007178e+00,1.6324831018e+00,4.3889825439e+02,2.3500965536e-01,9.2679400635e+02,2.3911307752e-01,2.9038052368e+02
452,3.3130932878e+02,3.4265738859e+02,1.3642938687e+00,1.6326131212e+00,4.3889825439e+02,2.3499755561e-01,9.2679400635e+02,2.3883138597e-01,2.9038055420e+02
453,3.3130931164e+02,3.4265739998e+02,1.3642741453e+00,1.6326370039e+00,4.3889825439e+02,2.3505938053e-01,9.2679400635e+02,2.3871438205e-01,2.9038052368e+02
454,3.3130933674e+02,3.4265737056e+02,1.3643301491e+00,1.6325690495e+00,4.3889825439e+02,2.3493744433e-01,9.2679400635e+02,2.3899234831e-01,2.9038049316e+02
455,3.3130940082e+02,3.4265730347e+02,1.3644587255e+00,1.6324123328e+00,4.3889825439e+02,2.3511108756e-01,9.2679400635e+02,2.3916964233e-01,2.9038046265e+02
456,3.3130933065e+02,3.4265736610e+02,1.3643413009e+00,1.6325554352e+00,4.3889825439e+02,2.3494577408e-01,9.2679400635e+02,2.3901461065e-01,2.9038043213e+02
457,3.3130927919e+02,3.4265740549e+02,1.3642706450e+00,1.6326411606e+00,4.3889825439e+02,2.3506984115e-01,9.2679400635e+02,2.3869426548e-01,2.9038037109e+02
458,3.3130926061e+02,3.4265741311e+02,1.3642583757e+00,1.6326562290e+00,4.3889825439e+02,2.3495624959e-01,9.2679400635e+02,2.3877598345e-01,2.9038031006e+02
459,3.3130934087e+02,3.4265733039e+02,1.3644161025e+00,1.6324641291e+00,4.3889825439e+02,2.3508098722e-01,9.2679400635e+02,2.3908306658e-01,2.9038027954e+02
460,3.3130933492e+02,3.4265730313e+02,1.3644272345e+00,1.6324506380e+00,4.3889825439e+02,2.3504354060e-01,9.2679394531e+02,2.3915182054e-01,2.9038027954e+02
461,3.3130927565e+02,3.4265736557e+02,1.3643082631e+00,1.6325954314e+00,4.3889825439e+02,2.3501470685e-01,9.2679394531e+02,2.3885375261e-01,2.9038031006e+02
462,3.3130923868e+02,3.4265740128e+02,1.3642412429e+00,1.6326769139e+00,4.3889825439e+02,2.3505213857e-01,9.2679394531e+02,2.3863151670e-01,2.9038031006e+02
463,3.3130927608e+02,3.4265735998e+02,1.3643201749e+00,1.6325809154e+00,4.3889825439e+02,2.3501929641e-01,9.2679394531e+02,2.3888187110e-01,2.9038027954e+02
464,3.3130935767e+02,3.4265728115e+02,1.3644692696e+00,1.6323993081e+00,4.3889825439e+02,2.3516029119e-01,9.2679394531e+02,2.3914879560e-01,2.9038027954e+02
465,3.3130932429e+02,3.4265735158e+02,1.3643742865e+00,1.6325151791e+00,4.3889825439e+02,2.3498250544e-01,9.2679400635e+02,2.3906812072e-01,2.9038031006e+02
466,3.3130926215e+02,3.4265741161e+02,1.3642618146e+00,1.6326518761e+00,4.3889825439e+02,2.3506589234e-01,9.2679400635e+02,2.3867405951e-01,2.9038031006e+02
467,3.3130925599e+02,3.4265742791e+02,1.3642279099e+00,1.6326932948e+00,4.3889825439e+02,2.3497812450e-01,9.2679400635e+02,2.3866997659e-01,2.9038037109e+02
468,3.3130936813e+02,3.4265733506e+02,1.3643994331e+00,1.6324844368e+00,4.3889825439e+02,2.3512668908e-01,9.2679400635e+02,2.3899057508e-01,2.9038046265e+02
469,3.3130941426e+02,3.4265731116e+02,1.3644384162e+00,1.6324372166e+00,4.3889825439e+02,2.3504632711e-01,9.2679400635e+02,2.3917950690e-01,2.9038058472e+02
470,3.3130935532e+02,3.4265735061e+02,1.3643200299e+00,1.6325813330e+00,4.3889825439e+02,2.3500874639e-01,9.2679394531e+02,2.3889186978e-01,2.9038067627e+02
471,3.3130929785e+02,3.4265741130e+02,1.3642044109e+00,1.6327220119e+00,4.3889825439e+02,2.3501212895e-01,9.2679394531e+02,2.3857063055e-01,2.9038070679e+02
472,3.3130933874e+02,3.4265737179e+02,1.3642788731e+00,1.6326313994e+00,4.3889825439e+02,2.3502247036e-01,9.2679394531e+02,2.3876473308e-01,2.9038070679e+02
473,3.3130942860e+02,3.4265728497e+02,1.3644428872e+00,1.6324316811e+00,4.3889825439e+02,2.3513755202e-01,9.2679394531e+02,2.3909893632e-01,2.9038070679e+02
474,3.3130940011e+02,3.4265731250e+02,1.3643901143e+00,1.6324961549e+00,4.3889825439e+02,2.3497229815e-01,9.2679394531e+02,2.3912176490e-01,2.9038070679e+02
475,3.3130933102e+02,3.4265740709e+02,1.3642538343e+00,1.6326618272e+00,4.3889825439e+02,2.3504287004e-01,9.2679400635e+02,2.3867520690e-01,2.9038067627e+02
476,3.3130928006e+02,3.4265744083e+02,1.3641940035e+00,1.6327346732e+00,4.3889825439e+02,2.3497526348e-01,9.2679400635e+02,2.3857955635e-01,2.9038058472e+02
477,3.3130934157e+02,3.4265733288e+02,1.3643623165e+00,1.6325295793e+00,4.3889825439e+02,2.3513817787e-01,9.2679394531e+02,2.3887678981e-01,2.9038049316e+02
478,3.3130936404e+02,3.4265729566e+02,1.3644357462e+00,1.6324403734e+00,4.3889825439e+02,2.3503176868e-01,9.2679394531e+02,2.3918713629e-01,2.9038040161e+02
479,3.3130926850e+02,3.4265730646e+02,1.3643396386e+00,1.6325572375e+00,4.3889825439e+02,2.3501406610e-01,9.2679382324e+02,2.3894073069e-01,2.9038031006e+02
480,3.3130917845e+02,3.4265738829e+02,1.3641868513e+00,1.6327431249e+00,4.3889825439e+02,2.3500250280e-01,9.2679382324e+02,2.3853255808e-01,2.9038027954e+02
481,3.3130921319e+02,3.4265735473e+02,1.3642503770e+00,1.6326657521e+00,4.3889825439e+02,2.3505598307e-01,9.2679382324e+02,2.3865276575e-01,2.9038027954e+02
482,3.3130930140e+02,3.4265726950e+02,1.3644112416e+00,1.6324699171e+00,4.3889825439e+02,2.3513466120e-01,9.2679382324e+02,2.3901516199e-01,2.9038027954e+02
483,3.3130930758e+02,3.4265726869e+02,1.3644104319e+00,1.6324711782e+00,4.3889825439e+02,2.3497994244e-01,9.2679382324e+02,2.3917028308e-01,2.9038031006e+02
484,3.3130924856e+02,3.4265739173e+02,1.3642591518e+00,1.6326551426e+00,4.3889825439e+02,2.3503984511e-01,9.2679394531e+02,2.3869320750e-01,2.9038031006e+02
485,3.3130920206e+02,3.4265743667e+02,1.3641742276e+00,1.6327585449e+00,4.3889825439e+02,2.3499041796e-01,9.2679394531e+02,2.3851010203e-01,2.9038031006e+02
486,3.3130928974e+02,3.4265735712e+02,1.3643236260e+00,1.6325765369e+00,4.3889825439e+02,2.3515783250e-01,9.2679394531e+02,2.3875057697e-01,2.9038034058e+02
487,3.3130936250e+02,3.4265730232e+02,1.3644217832e+00,1.6324573984e+00,4.3889825439e+02,2.3501832783e-01,9.2679394531e+02,2.3916234076e-01,2.9038043213e+02
488,3.3130934745e+02,3.4265733237e+02,1.3643611989e+00,1.6325311494e+00,4.3889825439e+02,2.3501744866e-01,9.2679394531e+02,2.3899640143e-01,2.9038052368e+02
489,3.3130924611e+02,3.4265738493e+02,1.3641767561e+00,1.6327556292e+00,4.3889825439e+02,2.3499296606e-01,9.2679382324e+02,2.3851421475e-01,2.9038064575e+02
490,3.3130928457e+02,3.4265735812e+02,1.3642250504e+00,1.6326967698e+00,4.3889825439e+02,2.3508320749e-01,9.2679382324e+02,2.3855520785e-01,2.9038070679e+02
491,3.3130936101e+02,3.4265728425e+02,1.3643643401e+00,1.6325272378e+00,4.3889825439e+02,2.3512215912e-01,9.2679382324e+02,2.3889848590e-01,2.9038070679e+02
492,3.3130939269e+02,3.4265725365e+02,1.3644209808e+00,1.6324585776e+00,4.3889825439e+02,2.3497620225e-01,9.2679382324e+02,2.3920281231e-01,2.9038070679e+02
493,3.3130930195e+02,3.4265733615e+02,1.3642675005e+00,1.6326451803e+00,4.3889825439e+02,2.3503096402e-01,9.2679382324e+02,2.3872490227e-01,2.9038067627e+02
494,3.3130923708e+02,3.4265739366e+02,1.3641603557e+00,1.6327755731e+00,4.3889825439e+02,2.3500104249e-01,9.2679382324e+02,2.3846098781e-01,2.9038064575e+02
495,3.3130929092e+02,3.4265733131e+02,1.3642814793e+00,1.6326279142e+00,4.3889825439e+02,2.3516997695e-01,9.2679382324e+02,2.3862226307e-01,2.9038058472e+02
496,3.3130933335e+02,3.4265727481e+02,1.3643909125e+00,1.6324949882e+00,4.3889825439e+02,2.3500150442e-01,9.2679382324e+02,2.3909445107e-01,2.9038049316e+02
497,3.3130930980e+02,3.4265728205e+02,1.3643814643e+00,1.6325064037e+00,4.3889825439e+02,2.3501689732e-01,9.2679382324e+02,2.3905286193e-01,2.9038040161e+02
498,3.3130917721e+02,3.4265739466e+02,1.3641734099e+00,1.6327595198e+00,4.3889825439e+02,2.3498687148e-01,9.2679382324e+02,2.3851148784e-01,2.9038031006e+02
499,3.3130918751e+02,3.4265737953e+02,1.3642039171e+00,1.6327222099e+00,4.3889825439e+02,2.3510687053e-01,9.2679382324e+02,2.3847351968e-01,2.9038027954e+02
500,3.3130924371e+02,3.4265732524e+02,1.3643062074e+00,1.6325977440e+00,4.3889825439e+02,2.3510880768e-01,9.2679382324e+02,2.3875255883e-01,2.9038027954e+02
